net,length_um
net19,688.51µm
clknet_2_2__leaf_clk,629.36µm
net1,625.87µm
net163,540.78µm
net133,533.94µm
net110,478.99µm
_0490_,477.03µm
_0465_,468.575µm
_0384_,457.81µm
_4293_,454.29µm
_4282_,449µm
_3339_,433.78µm
_4496_,433.48µm
_0661_,430.415µm
_0488_,430.1µm
_3485_,429.84µm
net132,429.31µm
clknet_2_1__leaf_clk,426.56µm
_4363_,426.06µm
_4441_,424.82µm
_4430_,419.09µm
_0751_,418.275µm
_4463_,417.77µm
_4419_,403µm
_4474_,401.59µm
_4341_,400.16µm
_0748_,393.11µm
_0755_,390.93µm
_4408_,388.06µm
_4385_,385.92µm
_4315_,385.87µm
clknet_2_3__leaf_clk,385.12µm
clknet_0_clk,384.8µm
_4249_,384.15µm
_4452_,381.06µm
clknet_2_0__leaf_clk,379.28µm
_4352_,374.01µm
_4374_,373.87µm
_1043_,371.87µm
_0552_,367.4µm
_0347_,363.86µm
_4333_,362.45µm
_0383_,356.18µm
_4260_,353.41µm
_4485_,352.23µm
_0527_,348.02µm
_4238_,345.24µm
accum_reg\[15\],343.17µm
_4304_,342.09µm
_1487_,340.47µm
clk,338.27µm
_0422_,336.34µm
_0423_,336.01µm
_0524_,331.775µm
_0455_,326.25µm
_0391_,324.665µm
_0587_,324.13µm
_0382_,320.415µm
_4271_,320.04µm
_0934_,319.61µm
_0335_,317.96µm
_1327_,317.65µm
_4396_,314.64µm
_0555_,310.97µm
_0468_,309.895µm
_0941_,309.735µm
_0812_,307.51µm
_3649_,307.36µm
_0377_,307.32µm
_0398_,307.26µm
_1701_,306.91µm
_0445_,306.4µm
_2212_,306.4µm
_2076_,305.18µm
_0575_,303.1µm
_0409_,299.44µm
net41,295.66µm
_1045_,292.48µm
_1200_,292.38µm
_4512_,290.235µm
_0576_,290.06µm
_1754_,289.165µm
net419,285.81µm
_1434_,285.4µm
_2562_,284.9µm
_1144_,283.865µm
_1174_,283.16µm
_0528_,283.14µm
_0905_,281.58µm
net411,281.225µm
net315,281.18µm
_0489_,281.01µm
_0502_,280.25µm
_2805_,276.835µm
net39,276.82µm
_0625_,276.72µm
_0750_,275.48µm
_1484_,274.775µm
_0819_,273.93µm
_2716_,273.88µm
_1454_,273.77µm
net589,272.42µm
net269,270.66µm
_2184_,270.6µm
net412,269.47µm
_2068_,268.14µm
_2198_,266.94µm
_3004_,265.34µm
_1084_,265µm
net14,263.5µm
net420,258.5µm
_1489_,258.4µm
net239,256.505µm
_0660_,254.08µm
_0894_,253.42µm
_1086_,251.32µm
_1028_,245.2µm
accum_reg\[18\],244.19µm
_1284_,243.64µm
net156,241.38µm
_0567_,241.33µm
_0731_,241.1µm
_1165_,240.97µm
_0467_,240.88µm
_1321_,240.12µm
net120,239.7µm
_2067_,239.62µm
_1201_,236.7µm
net425,234.47µm
_2190_,233.56µm
accum_reg\[16\],232.74µm
_0482_,232.04µm
_0735_,231.18µm
_1429_,230.15µm
_2377_,229.38µm
net316,227.62µm
_2885_,226.86µm
net117,226.76µm
_0446_,226.3µm
_0352_,226.1µm
_0847_,225.3µm
net313,223.915µm
net212,223.38µm
_2743_,222.44µm
net96,221.73µm
_4338_,218.86µm
_0429_,217.51µm
_0356_,215.89µm
_0708_,215.84µm
_3352_,215.4µm
net757,215.16µm
accum_reg\[23\],215.02µm
_0485_,214.925µm
accum_reg\[21\],214.46µm
_2299_,213.72µm
net217,213.48µm
net753,213.26µm
_0940_,212.48µm
net749,210.94µm
_2664_,209.88µm
net193,209.16µm
net94,208.7µm
net755,208.44µm
_1147_,208.14µm
net180,206.61µm
net194,205.39µm
net312,205.06µm
net268,203.4µm
net347,202.44µm
net260,201.895µm
net286,201.89µm
_0848_,201.66µm
_2390_,201.34µm
_0358_,201.16µm
_0414_,201.06µm
net446,198.54µm
net213,198.5µm
_2351_,198.08µm
_1692_,196.48µm
net153,196.36µm
_0386_,195.61µm
net90,195.38µm
net676,194.9µm
_3277_,194.7µm
net15,194.17µm
_0401_,193.625µm
accum_reg\[19\],192.58µm
net192,191.06µm
_0462_,190.77µm
net185,190.3µm
net191,190.155µm
_3564_,189.76µm
_3874_,189.59µm
_0886_,188.16µm
net172,186.18µm
_1198_,185.735µm
net174,185.61µm
net271,184.66µm
net6,184µm
net140,183.94µm
accum_reg\[25\],183.1µm
accum_reg\[27\],182.81µm
net527,182.7µm
_0734_,182.58µm
_1307_,181.925µm
net238,181.59µm
net418,180.86µm
net177,180.62µm
accum_reg\[17\],180.4µm
net144,178.64µm
_4351_,178.59µm
_2466_,177.62µm
accum_reg\[24\],177.45µm
net263,177.13µm
net167,176.93µm
_1694_,176.37µm
net101,176.335µm
net114,176.24µm
net108,176.02µm
net98,175.56µm
_0800_,174.36µm
net304,173.99µm
tap_cnt\[1\],173.02µm
net417,172.97µm
_1040_,172.24µm
_0678_,172.2µm
net216,171.77µm
_0441_,171.72µm
accum_reg\[29\],170.99µm
net149,170.88µm
_1038_,169.98µm
net751,169.6µm
net61,168.32µm
net152,167.76µm
net328,167.73µm
_1962_,167.32µm
net148,165.88µm
_1173_,164.7µm
_4337_,164.56µm
accum_reg\[22\],164.08µm
net256,163.52µm
_0969_,162.83µm
net335,161.12µm
net402,160.22µm
net205,159.16µm
_3651_,158.6µm
net267,158.525µm
net178,158.11µm
net309,158.1µm
net93,157.56µm
_1553_,156.7µm
net13,156.24µm
net107,154.9µm
_1446_,154.82µm
data_reg\[0\]\[15\],153.98µm
net79,153.82µm
net103,153.22µm
_0456_,152.98µm
_1185_,152.655µm
net243,152.56µm
_0585_,152.045µm
_0417_,150.84µm
net763,150.8µm
net146,150.66µm
_0554_,150.42µm
net352,150.18µm
_0566_,149.995µm
_0914_,149.75µm
_1022_,148.9µm
_0538_,148.875µm
_0592_,148.645µm
net463,148.54µm
_3562_,148.42µm
net184,148.32µm
net127,148.3µm
net241,147.74µm
data_reg\[0\]\[11\],147.01µm
net125,146.955µm
_0591_,146.42µm
clknet_leaf_31_clk,145.98µm
_0379_,145.94µm
data_reg\[0\]\[13\],145.86µm
net181,145.82µm
clknet_leaf_34_clk,145.7µm
net59,145.32µm
data_reg\[1\]\[10\],143.96µm
net183,143.64µm
_1797_,142.81µm
net138,142.7µm
_2452_,142µm
_0593_,141.72µm
_0598_,141.67µm
_1491_,141.04µm
net281,140.86µm
net179,140.84µm
data_reg\[0\]\[14\],140.56µm
clknet_leaf_22_clk,140.2µm
_1308_,140.185µm
net240,139.34µm
net16,139.32µm
_0421_,138.36µm
net155,137.995µm
net409,137.88µm
_1910_,137.7µm
_0578_,137.69µm
net266,137.115µm
_1346_,137.035µm
net264,136.94µm
net391,136.69µm
_0932_,135.3µm
_1919_,134.97µm
_0855_,134.73µm
net311,134.4µm
net89,134.24µm
accum_reg\[28\],133.54µm
net126,133.22µm
_2856_,132.98µm
clknet_leaf_29_clk,132.96µm
net17,132.6µm
_2507_,132.32µm
net188,131.42µm
net488,131.2µm
net66,131.18µm
net759,130.78µm
net354,130.39µm
_0385_,129.98µm
_2978_,129.74µm
net130,129.62µm
net356,129.55µm
_0381_,129.43µm
net270,129.06µm
_2766_,128.77µm
_1652_,128.32µm
net11,128.06µm
_0746_,127.885µm
_2807_,127.8µm
_1486_,126.975µm
data_reg\[1\]\[11\],126.82µm
_0605_,126.78µm
tap_cnt\[2\],126.73µm
_0599_,125.76µm
_0652_,125.75µm
_3239_,125.66µm
net71,124.6µm
_2451_,124.58µm
clknet_leaf_35_clk,124.5µm
net279,124.29µm
net86,123.16µm
net436,123.16µm
net654,122.72µm
clknet_leaf_23_clk,122.32µm
_3925_,122.26µm
_4022_,121.5µm
_3019_,121.24µm
net211,121.1µm
net88,121.08µm
net288,120.6µm
net245,120.52µm
_1859_,120.14µm
data_reg\[0\]\[12\],120.12µm
net109,120.1µm
_1381_,120.08µm
net487,120.08µm
net97,120.06µm
_1488_,119.56µm
accum_reg\[30\],119.405µm
_3272_,119.38µm
net3,119.24µm
net1166,119.02µm
_2306_,118.74µm
net596,118.6µm
net200,118.265µm
_3210_,117.72µm
net285,117.46µm
net515,116.97µm
net141,116.58µm
_3260_,116.4µm
_2919_,116.24µm
clknet_leaf_11_clk,116.13µm
_0512_,115.92µm
_1439_,115.89µm
net310,115.88µm
_0974_,115.875µm
_0846_,115.7µm
_0497_,115.31µm
_2894_,115.3µm
_3038_,115.24µm
_1452_,115.16µm
_0392_,114.86µm
_2210_,114.8µm
net207,114.8µm
net173,114.615µm
_4216_,114.58µm
net330,113.84µm
net386,113.3µm
_1593_,113.28µm
_1619_,113.12µm
_0389_,113.04µm
_1021_,112.72µm
_2432_,112µm
net142,111.9µm
net198,111.89µm
net609,111.84µm
net303,111.7µm
net862,111.67µm
accum_reg\[31\],111.27µm
net357,111.07µm
_1393_,110.88µm
_0732_,110.82µm
_1279_,110.7µm
net344,110.7µm
_1664_,110.19µm
clknet_leaf_20_clk,110.04µm
clknet_leaf_3_clk,110µm
net123,109.72µm
net277,109.72µm
net84,109.595µm
data_reg\[1\]\[0\],109.13µm
net60,109.08µm
_0404_,108.98µm
_2548_,108.72µm
net129,108.72µm
_0778_,108.58µm
net761,108.34µm
clknet_leaf_24_clk,108.18µm
_3414_,108.16µm
_2431_,107.9µm
_0476_,107.82µm
_3979_,107.8µm
_4092_,107.765µm
net208,107.72µm
clknet_leaf_7_clk,107.62µm
accum_reg\[20\],107.6µm
clknet_leaf_28_clk,107.58µm
net384,107.45µm
clknet_leaf_13_clk,107.26µm
_1278_,106.92µm
_1783_,106.62µm
net295,106.32µm
_0359_,106.18µm
net547,106.14µm
clknet_leaf_8_clk,106µm
_4111_,104.87µm
clknet_leaf_1_clk,104.82µm
net408,104.73µm
_2679_,104.695µm
accum_reg\[33\],104.44µm
net854,104.31µm
clknet_leaf_6_clk,103.9µm
net254,103.72µm
net175,103.54µm
net210,103.46µm
clknet_leaf_25_clk,103.38µm
_0707_,103.34µm
_2065_,103.3µm
_2045_,103.28µm
net327,102.82µm
net338,102.8µm
_0434_,102.1µm
net104,101.88µm
_0638_,101.36µm
clknet_leaf_26_clk,101.3µm
_2209_,101.08µm
net166,101.04µm
net572,101µm
_2185_,100.56µm
net170,100.55µm
_3365_,100.5µm
_0753_,100.47µm
_3010_,100.46µm
net215,100.44µm
_3193_,100.38µm
_0413_,100.15µm
clknet_leaf_10_clk,100.1µm
net455,99.99µm
net382,99.92µm
_3865_,99.82µm
net68,99.76µm
net299,99.11µm
_3380_,98.84µm
net137,98.72µm
net10,98.56µm
accum_reg\[11\],98.54µm
_0395_,98.48µm
net587,98.38µm
net187,98.25µm
clknet_leaf_15_clk,97.98µm
net118,97.94µm
_0557_,97.88µm
_2683_,97.82µm
net189,97.77µm
_0730_,97.68µm
_3783_,97.56µm
net399,97.5µm
net655,97.4µm
_3782_,97.38µm
_2635_,97.22µm
_0963_,97.115µm
_2796_,96.66µm
clknet_leaf_2_clk,96.62µm
accum_reg\[12\],96.26µm
tap_cnt\[0\],96.26µm
clknet_leaf_19_clk,96.02µm
_0357_,95.97µm
net248,95.845µm
_1248_,95.68µm
_1842_,95.52µm
_2183_,95.36µm
net250,95.265µm
net506,95.235µm
net136,95.22µm
clknet_leaf_30_clk,94.98µm
_3251_,94.785µm
_0440_,94.54µm
_2974_,94.42µm
net333,94.16µm
_0779_,94.09µm
_3037_,93.94µm
net57,93.925µm
_1197_,93.72µm
net2,93.6µm
_3141_,93.54µm
net158,93.16µm
net364,92.84µm
data_reg\[1\]\[9\],92.8µm
_2681_,92.76µm
net199,92.6µm
net121,92.58µm
net413,92.47µm
_3116_,92.27µm
net317,92.195µm
_0784_,91.985µm
net116,91.8µm
net9,91.32µm
_3073_,90.96µm
_1024_,90.94µm
_0346_,90.66µm
clknet_leaf_0_clk,90.4µm
clknet_leaf_21_clk,90.36µm
_0906_,90.26µm
net157,89.92µm
clknet_leaf_9_clk,89.86µm
net242,89.63µm
_1967_,89.6µm
_3130_,89.52µm
_1386_,89.515µm
_0749_,89.44µm
net58,89.44µm
clknet_leaf_5_clk,89.42µm
net274,89.4µm
net77,89.38µm
net81,89.32µm
_2182_,89.28µm
net323,89.26µm
clknet_leaf_27_clk,89.22µm
_0471_,89.2µm
_1030_,89.13µm
net348,89.06µm
_0518_,88.78µm
_2245_,88.61µm
net319,88.48µm
net305,88.355µm
net398,88.15µm
net259,87.84µm
clknet_leaf_17_clk,87.78µm
net85,87.76µm
_1974_,87.5µm
net111,87.46µm
_3616_,87.305µm
_1190_,87.24µm
net394,87.16µm
_0427_,87.14µm
_1085_,87.14µm
_3231_,87.1µm
net72,87.08µm
net87,87.08µm
net119,87.08µm
net99,86.98µm
accum_reg\[14\],86.895µm
clknet_leaf_4_clk,86.82µm
net190,86.585µm
net371,86.5µm
_2560_,86.44µm
net143,86.4µm
_0500_,86.38µm
accum_reg\[1\],86.16µm
_3348_,86.14µm
tap_cnt\[3\],86.1µm
_1288_,86.08µm
net340,86.08µm
_3063_,86.07µm
_3494_,86.02µm
clknet_leaf_14_clk,85.72µm
_3098_,85.62µm
net351,85.62µm
_0687_,85.54µm
_2566_,85.54µm
_0360_,85.41µm
_1581_,85.3µm
_0533_,85.02µm
net367,85.01µm
clknet_leaf_16_clk,84.98µm
net358,84.88µm
tap_cnt\[4\],84.84µm
net55,84.68µm
net131,84.6µm
net930,84.42µm
data_reg\[1\]\[8\],84.33µm
_1281_,84.155µm
_3900_,84.08µm
_3523_,84.015µm
_1047_,83.73µm
net145,83.66µm
_0501_,83.63µm
clknet_leaf_12_clk,83.44µm
net387,83.21µm
_1899_,83.14µm
_3897_,83.14µm
_1498_,83.04µm
_2984_,83.04µm
net307,83.04µm
_1245_,82.96µm
clknet_leaf_37_clk,82.96µm
_1388_,82.87µm
_0550_,82.76µm
net160,82.76µm
_1268_,82.62µm
net458,82.58µm
net112,82.555µm
_0477_,82.415µm
_0454_,82.4µm
_1344_,82.34µm
_3780_,82.15µm
_0523_,81.9µm
net359,81.88µm
data_reg\[1\]\[5\],81.74µm
net5,81.5µm
_3873_,81.38µm
clknet_leaf_32_clk,81.36µm
net332,81.3µm
net202,81.2µm
net204,81.07µm
data_reg\[1\]\[3\],80.9µm
_0439_,80.66µm
net300,80.57µm
_3086_,80.34µm
_3982_,80.26µm
net416,79.86µm
_0438_,79.64µm
net291,79.62µm
net214,79.54µm
net396,79.48µm
_2674_,79.335µm
net18,79.3µm
net400,79.3µm
_1653_,79.14µm
_3566_,79.09µm
_1270_,78.98µm
net12,78.88µm
_0690_,78.69µm
_3220_,78.53µm
net302,78.38µm
net42,78.08µm
net209,78.02µm
net64,78.005µm
_3573_,77.975µm
net428,77.96µm
_1261_,77.87µm
_0495_,77.82µm
net7,77.8µm
_1913_,77.74µm
_1177_,77.68µm
_1620_,77.48µm
net372,77.28µm
net403,77.26µm
_2920_,77.04µm
net406,76.94µm
_3678_,76.8µm
_4083_,76.74µm
net293,76.66µm
net345,76.59µm
net290,76.26µm
net379,76.18µm
net326,76.13µm
net370,76.11µm
net349,76.1µm
_3350_,76µm
_0716_,75.74µm
_1897_,75.7µm
_0883_,75.52µm
_0997_,75.52µm
_1345_,75.395µm
net600,75.34µm
_0544_,75.28µm
net278,75.26µm
_1149_,75.04µm
_2876_,74.96µm
accum_reg\[10\],74.96µm
_2062_,74.82µm
net203,74.62µm
_0688_,74.26µm
net342,74.07µm
_1931_,73.94µm
_3101_,73.56µm
net495,73.46µm
net287,73.32µm
net414,73.27µm
net106,73.18µm
net280,73.12µm
net361,73.02µm
accum_reg\[34\],73µm
net390,72.88µm
net376,72.83µm
_2671_,72.54µm
net383,72.3µm
_0677_,72.26µm
_3646_,72.04µm
_3728_,71.9µm
net162,71.76µm
_3122_,71.72µm
_4331_,71.54µm
net78,71.5µm
net368,71.48µm
_2404_,71.44µm
_2145_,71.045µm
net275,70.995µm
_2791_,70.26µm
net378,70.26µm
_2618_,70.24µm
_0437_,70.06µm
_0643_,70.02µm
net197,69.98µm
_2728_,69.81µm
_4332_,69.6µm
net151,69.395µm
_2267_,69.28µm
_2729_,69.28µm
_0898_,69.24µm
net363,68.945µm
_1044_,68.84µm
net900,68.74µm
_2969_,68.7µm
net308,68.7µm
_4109_,68.58µm
_3912_,68.49µm
net283,68.44µm
_3051_,68.38µm
_0757_,68.36µm
_3632_,68.28µm
_0494_,68.2µm
net124,68.2µm
_1638_,68.16µm
net584,68.16µm
_2866_,68.025µm
net196,68.02µm
_1135_,67.98µm
net265,67.9µm
_0885_,67.84µm
net247,67.76µm
net246,67.72µm
_1352_,67.64µm
_3804_,67.615µm
net388,67.52µm
_1615_,67.42µm
_0568_,67.38µm
net404,67.29µm
_1013_,67.28µm
net389,66.91µm
_4095_,66.8µm
net65,66.72µm
_1117_,66.66µm
_3966_,66.64µm
net186,66.52µm
net147,66.42µm
net296,66.26µm
_0463_,66.1µm
net67,66.08µm
net201,66.06µm
_3263_,65.93µm
net154,65.86µm
_0496_,65.835µm
_2865_,65.78µm
net284,65.66µm
_1630_,65.48µm
_1650_,65.46µm
_2599_,65.44µm
_0474_,65.435µm
net80,65.3µm
_0606_,65.18µm
_2926_,65.12µm
_1659_,65.11µm
net377,65.05µm
net105,65.02µm
_4015_,64.995µm
_0546_,64.92µm
_2341_,64.645µm
net321,64.5µm
_1414_,64.49µm
_3499_,64.44µm
accum_reg\[5\],64.22µm
_3627_,64.2µm
_2792_,64.18µm
net161,64.15µm
_3586_,64.11µm
net128,64.04µm
net770,63.98µm
_0904_,63.78µm
net529,63.5µm
clknet_leaf_18_clk,63.3µm
net454,63.2µm
_0777_,63.14µm
net325,63.1µm
_1589_,63.06µm
_3884_,63.025µm
net397,62.98µm
net1206,62.92µm
net206,62.9µm
_2470_,62.87µm
_3769_,62.85µm
_2986_,62.6µm
_0425_,62.36µm
_0453_,62µm
_3410_,61.98µm
net331,61.8µm
net236,61.65µm
accum_reg\[6\],61.64µm
_3679_,61.58µm
_4043_,61.51µm
net244,61.38µm
_2857_,61.22µm
accum_reg\[13\],61.17µm
_2363_,61.16µm
clknet_leaf_33_clk,61.14µm
_2561_,61.12µm
net258,61.04µm
net405,61µm
net53,60.74µm
net343,60.54µm
_4029_,60.36µm
_1771_,60.34µm
_3315_,60.34µm
net374,60.1µm
_1702_,60.04µm
net1215,60.04µm
net52,59.88µm
_1776_,59.71µm
_1083_,59.62µm
net385,59.6µm
_1643_,59.58µm
_1954_,59.56µm
_0975_,59.55µm
_2441_,59.52µm
net380,59.44µm
_1367_,59.35µm
_1645_,59.28µm
_3128_,59.28µm
_1451_,59.16µm
_1110_,58.96µm
_1599_,58.9µm
_0650_,58.88µm
net453,58.88µm
_0556_,58.72µm
accum_reg\[4\],58.72µm
_0859_,58.64µm
_4336_,58.46µm
_2915_,58.315µm
_3346_,58.08µm
net306,57.94µm
net482,57.9µm
data_reg\[5\]\[10\],57.79µm
_1181_,57.75µm
net297,57.75µm
_2612_,57.71µm
net407,57.66µm
_1866_,57.625µm
_2549_,57.56µm
net570,57.52µm
_2632_,57.5µm
_2620_,57.2µm
clknet_leaf_36_clk,57.06µm
_3904_,56.99µm
_3179_,56.78µm
_1300_,56.52µm
_3686_,56.48µm
net508,56.48µm
net62,56.4µm
_2652_,56.36µm
_1495_,56.18µm
_0811_,56.06µm
net83,56.02µm
_3334_,55.64µm
_2521_,55.44µm
_3281_,55.44µm
_3039_,55.38µm
_2748_,55.2µm
_3174_,55.18µm
net289,55.14µm
net329,55.14µm
_2530_,54.975µm
_1213_,54.96µm
_1398_,54.955µm
net252,54.9µm
_1803_,54.7µm
_4112_,54.66µm
_1054_,54.42µm
_2206_,54.34µm
net490,54.34µm
_1462_,54.22µm
_0899_,54.14µm
_1941_,54.14µm
_2075_,54.02µm
net393,53.99µm
_0545_,53.96µm
_1020_,53.955µm
net421,53.8µm
_2157_,53.78µm
accum_reg\[32\],53.77µm
_2568_,53.66µm
net255,53.66µm
_0535_,53.6µm
data_reg\[1\]\[7\],53.42µm
_1753_,53.4µm
_2520_,53.34µm
_2296_,53.28µm
_3463_,53.22µm
_0399_,53.16µm
net373,53.15µm
_0483_,53.14µm
net341,53.08µm
net867,53.08µm
_1404_,53.06µm
net251,53.06µm
_2001_,52.92µm
data_reg\[14\]\[1\],52.92µm
net164,52.8µm
_2993_,52.73µm
_2321_,52.72µm
_2378_,52.68µm
_3509_,52.52µm
net46,52.505µm
accum_reg\[3\],52.34µm
net401,52.14µm
net634,52.1µm
_2864_,52.06µm
net532,51.94µm
_0558_,51.84µm
_3450_,51.74µm
_1073_,51.7µm
_2409_,51.64µm
_2489_,51.52µm
_0680_,51.48µm
_2158_,51.45µm
_4141_,51.38µm
_2631_,51.215µm
_3508_,51.2µm
_2481_,51.16µm
accum_reg\[8\],51µm
_1805_,50.96µm
_0472_,50.92µm
_1937_,50.92µm
_0825_,50.88µm
net509,50.76µm
net73,50.55µm
_1237_,50.515µm
_2747_,50.36µm
_3400_,50.34µm
data_reg\[10\]\[12\],50.34µm
_1695_,50.32µm
_3093_,50.315µm
_1781_,50.24µm
data_reg\[9\]\[14\],50.2µm
_0461_,50.06µm
data_reg\[4\]\[6\],50.06µm
net776,49.9µm
_3603_,49.88µm
_2550_,49.86µm
_1656_,49.735µm
_0979_,49.56µm
_2370_,49.44µm
_4330_,49.42µm
_2237_,49.36µm
_3397_,49.22µm
_4156_,49.12µm
_3598_,49.08µm
_1114_,49.02µm
_3391_,49.02µm
_2116_,48.96µm
_1142_,48.92µm
_1493_,48.82µm
_2923_,48.82µm
net76,48.62µm
_1618_,48.54µm
_4082_,48.54µm
_3826_,48.5µm
_2940_,48.46µm
_1420_,48.38µm
_0922_,48.28µm
_1587_,48.22µm
_0394_,48.16µm
_3185_,48.145µm
net102,48.12µm
_2011_,48.1µm
_1674_,48.09µm
_2187_,48.08µm
_3862_,48.04µm
_3607_,47.96µm
_1422_,47.94µm
_2128_,47.925µm
net675,47.9µm
_1049_,47.88µm
_0589_,47.78µm
net339,47.75µm
_3850_,47.74µm
data_reg\[6\]\[7\],47.69µm
_2323_,47.58µm
_1319_,47.56µm
net50,47.46µm
_2423_,47.41µm
_4335_,47.36µm
accum_reg\[9\],47.36µm
_4030_,47.3µm
_0747_,47.28µm
net195,47.14µm
net51,47.135µm
_2276_,46.96µm
data_reg\[12\]\[14\],46.74µm
_2098_,46.72µm
_1929_,46.69µm
_2200_,46.62µm
_2496_,46.62µm
_3471_,46.6µm
_4034_,46.54µm
_2277_,46.38µm
data_reg\[15\]\[8\],46.34µm
_3261_,46.32µm
_1223_,46.27µm
_4200_,46.18µm
_1042_,46.16µm
_3788_,46.16µm
_1240_,45.98µm
_4165_,45.94µm
_1601_,45.92µm
_2975_,45.86µm
data_reg\[4\]\[11\],45.7µm
net237,45.68µm
_1854_,45.64µm
_3805_,45.58µm
_3747_,45.5µm
_1936_,45.25µm
data_reg\[4\]\[3\],45.22µm
data_reg\[3\]\[7\],45.12µm
_2186_,45.08µm
_0433_,45.06µm
_1304_,44.9µm
net601,44.88µm
_2399_,44.78µm
data_reg\[7\]\[10\],44.74µm
net45,44.72µm
_0994_,44.7µm
_2819_,44.6µm
_3907_,44.58µm
_2804_,44.57µm
net159,44.475µm
net464,44.46µm
_2889_,44.44µm
_2248_,44.36µm
_2558_,44.32µm
_2916_,44.32µm
_0560_,44.24µm
_0653_,44.24µm
_1407_,44.24µm
_1309_,44.22µm
data_reg\[11\]\[14\],44.22µm
_1879_,44.18µm
data_reg\[10\]\[13\],44.17µm
_0962_,44.16µm
_3579_,44.08µm
_3838_,44.06µm
_3872_,44.06µm
_1290_,44.02µm
data_reg\[11\]\[15\],43.98µm
_1820_,43.94µm
_0622_,43.92µm
net375,43.88µm
_2776_,43.86µm
_0783_,43.84µm
_3481_,43.84µm
_4100_,43.8µm
_3187_,43.78µm
_3793_,43.78µm
_3951_,43.74µm
data_reg\[12\]\[12\],43.725µm
_1884_,43.66µm
_1768_,43.58µm
_3529_,43.54µm
_0627_,43.52µm
_1481_,43.5µm
_3652_,43.3µm
_3852_,43.22µm
net1235,43.2µm
_3109_,43.16µm
_4102_,43.13µm
_3974_,43.08µm
data_reg\[12\]\[13\],43.065µm
data_reg\[0\]\[6\],43.02µm
_1305_,43µm
_3361_,42.92µm
net294,42.84µm
net139,42.835µm
_1096_,42.74µm
_3827_,42.72µm
_4037_,42.64µm
_2882_,42.62µm
_1887_,42.605µm
_2366_,42.58µm
_1091_,42.56µm
_2336_,42.48µm
data_reg\[5\]\[11\],42.465µm
_2670_,42.46µm
data_reg\[6\]\[10\],42.4µm
accum_reg\[35\],42.34µm
data_reg\[0\]\[2\],42.34µm
_3937_,42.26µm
data_reg\[13\]\[10\],42.26µm
net470,42.16µm
data_reg\[10\]\[14\],42.04µm
_4096_,41.98µm
data_reg\[5\]\[8\],41.92µm
data_reg\[6\]\[6\],41.92µm
_2084_,41.82µm
_1065_,41.715µm
data_reg\[15\]\[14\],41.62µm
data_reg\[2\]\[3\],41.6µm
_0633_,41.5µm
_0669_,41.48µm
net257,41.44µm
_1744_,41.38µm
net318,41.36µm
_2888_,41.34µm
_1673_,41.32µm
_0378_,41.3µm
_3671_,41.295µm
_2126_,41.29µm
_1282_,41.19µm
_0824_,41.12µm
net369,41.02µm
_3203_,40.92µm
_2781_,40.7µm
_0764_,40.64µm
_2287_,40.55µm
_0775_,40.5µm
net833,40.4µm
_3058_,40.3µm
net456,40.2µm
_1108_,40.16µm
_1571_,40.08µm
_3611_,39.98µm
net292,39.97µm
data_reg\[6\]\[0\],39.92µm
_3748_,39.9µm
_3696_,39.84µm
_0740_,39.82µm
net272,39.82µm
_3990_,39.78µm
mac_valid,39.78µm
net678,39.76µm
_1892_,39.75µm
_1835_,39.72µm
_4101_,39.72µm
_0663_,39.7µm
_3126_,39.48µm
_0701_,39.415µm
_3165_,39.36µm
_3779_,39.205µm
_3137_,39.19µm
_2018_,39.155µm
_1949_,39.04µm
_0993_,38.98µm
_2421_,38.98µm
_1637_,38.94µm
_1663_,38.94µm
net122,38.9µm
_1504_,38.86µm
_3923_,38.8µm
_0911_,38.78µm
_2536_,38.78µm
_3025_,38.78µm
net276,38.74µm
net171,38.68µm
_1009_,38.64µm
_1906_,38.62µm
_3287_,38.6µm
_0602_,38.44µm
_0915_,38.38µm
_1760_,38.29µm
net56,38.24µm
net182,38.22µm
_1050_,38.2µm
data_reg\[5\]\[3\],38.18µm
_3385_,38.12µm
data_reg\[6\]\[11\],38.1µm
_0950_,38.06µm
_1412_,38µm
net575,38µm
_2737_,37.98µm
accum_reg\[26\],37.96µm
data_reg\[9\]\[5\],37.92µm
_3833_,37.9µm
_0376_,37.88µm
net40,37.88µm
_2176_,37.84µm
_3186_,37.8µm
net442,37.8µm
_1492_,37.78µm
accum_reg\[0\],37.7µm
_3409_,37.58µm
net501,37.58µm
net484,37.44µm
_0762_,37.43µm
_2032_,37.4µm
_2458_,37.4µm
_2820_,37.4µm
net314,37.38µm
_2647_,37.34µm
_1631_,37.32µm
_4134_,37.2µm
net812,37.12µm
net298,37.08µm
net850,36.96µm
_2789_,36.94µm
_1048_,36.92µm
net765,36.88µm
_3506_,36.8µm
data_reg\[1\]\[2\],36.8µm
_2528_,36.78µm
_0705_,36.68µm
data_reg\[4\]\[1\],36.66µm
_2529_,36.64µm
clknet_leaf_39_clk,36.56µm
_2133_,36.51µm
_3970_,36.46µm
_1841_,36.32µm
net324,36.32µm
_0832_,36.22µm
_2282_,36.21µm
_0651_,36.2µm
_3247_,36.18µm
_1774_,36.16µm
_1739_,36.1µm
net135,36.1µm
_2008_,36.02µm
_3301_,36.02µm
data_reg\[1\]\[1\],35.98µm
_2881_,35.86µm
_2708_,35.825µm
_2211_,35.82µm
net336,35.82µm
_1811_,35.74µm
_3682_,35.64µm
_2814_,35.61µm
_0912_,35.56µm
_2582_,35.555µm
_0742_,35.46µm
_2808_,35.46µm
net426,35.4µm
_3184_,35.34µm
data_reg\[1\]\[15\],35.32µm
_1120_,35.3µm
data_reg\[4\]\[10\],35.26µm
data_reg\[13\]\[14\],35.22µm
_1965_,35.18µm
_3157_,35.16µm
net82,35.14µm
_2576_,35.12µm
data_reg\[8\]\[1\],35.04µm
_0570_,35.015µm
net92,34.9µm
net567,34.9µm
_2519_,34.88µm
accum_reg\[2\],34.88µm
data_reg\[9\]\[8\],34.8µm
_1872_,34.76µm
_2265_,34.76µm
_3267_,34.73µm
net780,34.7µm
_1634_,34.64µm
data_reg\[3\]\[2\],34.56µm
_3332_,34.46µm
net1226,34.46µm
_3660_,34.38µm
net22,34.36µm
_2534_,34.34µm
net1223,34.34µm
_1023_,34.28µm
_0609_,34.18µm
_2726_,34.14µm
_2169_,34.06µm
_1549_,33.96µm
net337,33.88µm
data_reg\[2\]\[7\],33.86µm
_2427_,33.82µm
_3821_,33.74µm
data_reg\[0\]\[3\],33.64µm
data_reg\[2\]\[9\],33.64µm
_1379_,33.58µm
net571,33.57µm
data_reg\[0\]\[1\],33.545µm
_2004_,33.54µm
_0679_,33.52µm
_1000_,33.52µm
_3480_,33.52µm
net586,33.38µm
net530,33.365µm
_3941_,33.36µm
_2577_,33.34µm
_0782_,33.3µm
_3745_,33.26µm
data_reg\[2\]\[2\],33.26µm
data_reg\[15\]\[12\],33.24µm
_0956_,33.235µm
_1991_,33.18µm
_3216_,33.165µm
_0853_,33.13µm
data_reg\[2\]\[4\],33.12µm
_0901_,33.065µm
net91,33µm
_0788_,32.96µm
_1365_,32.92µm
_2102_,32.88µm
_3854_,32.8µm
_3206_,32.7µm
_0967_,32.64µm
_1059_,32.64µm
_1069_,32.62µm
_2890_,32.62µm
data_reg\[14\]\[3\],32.6µm
_2821_,32.56µm
_1427_,32.5µm
_0710_,32.42µm
_0961_,32.42µm
_3199_,32.42µm
_3548_,32.42µm
_2111_,32.385µm
_2817_,32.38µm
_0520_,32.36µm
_0531_,32.34µm
_4502_,32.34µm
data_reg\[12\]\[3\],32.32µm
_2823_,32.305µm
_0945_,32.28µm
_2389_,32.24µm
data_reg\[6\]\[2\],32.22µm
_0990_,32.18µm
_2064_,32.16µm
_2354_,32.015µm
data_reg\[13\]\[11\],32µm
_0814_,31.955µm
accum_reg\[7\],31.94µm
data_reg\[4\]\[2\],31.92µm
data_reg\[5\]\[15\],31.9µm
data_reg\[7\]\[12\],31.82µm
data_reg\[3\]\[15\],31.8µm
data_reg\[5\]\[13\],31.8µm
_2280_,31.79µm
_0410_,31.76µm
_2156_,31.68µm
data_reg\[8\]\[10\],31.66µm
_1905_,31.64µm
_2556_,31.64µm
net282,31.58µm
_0428_,31.54µm
_2790_,31.49µm
_0925_,31.48µm
_3262_,31.46µm
net778,31.44µm
net1236,31.42µm
_2537_,31.41µm
_2905_,31.4µm
net150,31.36µm
_3257_,31.28µm
_3213_,31.26µm
_3654_,31.26µm
_1230_,31.2µm
_3746_,31.12µm
_0548_,31.1µm
data_reg\[7\]\[13\],31.1µm
_1067_,31.02µm
clknet_leaf_38_clk,30.96µm
_0815_,30.9µm
_1938_,30.88µm
_0610_,30.87µm
_2073_,30.84µm
_3047_,30.82µm
_1191_,30.81µm
_0571_,30.78µm
_0798_,30.74µm
_2197_,30.72µm
_4070_,30.72µm
_3317_,30.61µm
_0839_,30.58µm
_3718_,30.58µm
_1730_,30.54µm
net466,30.5µm
_1207_,30.48µm
_0902_,30.36µm
_1123_,30.36µm
_3934_,30.36µm
_1904_,30.34µm
_3319_,30.34µm
net235,30.34µm
_0675_,30.32µm
_1001_,30.32µm
data_reg\[8\]\[13\],30.32µm
_3849_,30.315µm
data_reg\[6\]\[4\],30.3µm
_2533_,30.29µm
_3015_,30.2µm
_2742_,30.16µm
_3762_,30.14µm
data_reg\[5\]\[0\],30.14µm
_2320_,30.12µm
_3124_,30.1µm
net843,30.08µm
_3355_,30.06µm
_2622_,29.94µm
_0504_,29.9µm
_0590_,29.88µm
net424,29.88µm
_2273_,29.87µm
_1074_,29.84µm
_1093_,29.78µm
_2794_,29.78µm
data_reg\[11\]\[12\],29.74µm
_3072_,29.725µm
_0402_,29.72µm
data_reg\[16\]\[10\],29.72µm
data_reg\[11\]\[13\],29.7µm
_0891_,29.66µm
_2704_,29.66µm
_2291_,29.62µm
_1036_,29.6µm
_3650_,29.54µm
_1476_,29.515µm
_0745_,29.48µm
_1817_,29.46µm
data_reg\[0\]\[4\],29.425µm
_0215_,29.4µm
_3524_,29.38µm
net54,29.38µm
_1163_,29.36µm
net63,29.36µm
_0516_,29.28µm
data_reg\[6\]\[13\],29.26µm
_2477_,29.24µm
_4227_,29.22µm
_1017_,29.08µm
_1359_,29.055µm
_1061_,29.04µm
_2284_,29.02µm
data_reg\[8\]\[9\],29.02µm
_3924_,29µm
net594,29µm
net262,28.96µm
_1326_,28.935µm
_4063_,28.92µm
_1055_,28.88µm
_1513_,28.84µm
_2163_,28.84µm
net381,28.81µm
_1314_,28.78µm
_4066_,28.78µm
_1658_,28.74µm
_1298_,28.66µm
_1461_,28.66µm
_1924_,28.66µm
_3554_,28.66µm
data_reg\[10\]\[7\],28.56µm
data_reg\[15\]\[11\],28.52µm
data_reg\[0\]\[0\],28.5µm
_3699_,28.48µm
data_reg\[7\]\[1\],28.48µm
_2402_,28.46µm
net134,28.42µm
net70,28.38µm
_0887_,28.34µm
_2754_,28.32µm
_3662_,28.32µm
_2026_,28.31µm
_1715_,28.29µm
_0878_,28.27µm
_2584_,28.235µm
_2043_,28.22µm
_3386_,28.2µm
net528,28.18µm
_2108_,28.165µm
net395,28.14µm
_0970_,28.12µm
_2629_,28.12µm
_4124_,28.12µm
data_reg\[7\]\[14\],28.06µm
data_reg\[15\]\[4\],28.04µm
_2822_,28.02µm
data_reg\[0\]\[9\],28.02µm
_1166_,27.98µm
_3750_,27.97µm
_3717_,27.96µm
_3753_,27.96µm
_1725_,27.94µm
_2696_,27.9µm
_2462_,27.88µm
data_reg\[7\]\[15\],27.82µm
_3734_,27.8µm
_1572_,27.78µm
_1354_,27.77µm
_4057_,27.76µm
_1378_,27.74µm
_2675_,27.74µm
_1608_,27.6µm
data_reg\[9\]\[13\],27.58µm
net1027,27.48µm
_1775_,27.44µm
_4148_,27.34µm
net249,27.24µm
_1157_,27.22µm
_3048_,27.22µm
_3775_,27.17µm
_3435_,27.13µm
_2309_,27.08µm
_1150_,27.075µm
net979,27.06µm
_0913_,27.02µm
_2555_,27.02µm
_4133_,26.99µm
_1779_,26.97µm
_4020_,26.94µm
net525,26.92µm
_2446_,26.91µm
_0930_,26.9µm
_3942_,26.9µm
_1217_,26.88µm
net429,26.86µm
_2594_,26.84µm
_2987_,26.8µm
_3744_,26.78µm
_1056_,26.74µm
data_reg\[7\]\[4\],26.72µm
data_reg\[15\]\[10\],26.7µm
_3134_,26.69µm
_0919_,26.68µm
_3695_,26.66µm
_2058_,26.64µm
_2494_,26.64µm
_3787_,26.64µm
data_reg\[12\]\[0\],26.625µm
_3167_,26.6µm
net947,26.56µm
_3455_,26.55µm
_0715_,26.48µm
_1468_,26.44µm
data_reg\[9\]\[10\],26.44µm
_3694_,26.4µm
_1830_,26.36µm
data_reg\[12\]\[15\],26.34µm
net360,26.28µm
net452,26.28µm
_1479_,26.2µm
net478,26.2µm
_2642_,26.18µm
net679,26.16µm
_0408_,26.1µm
_0640_,26.1µm
_2151_,26.1µm
net227,26.1µm
_1621_,26.08µm
_3766_,26µm
data_reg\[2\]\[5\],25.99µm
_1526_,25.98µm
_1465_,25.94µm
_3931_,25.94µm
_3553_,25.9µm
_1885_,25.845µm
net253,25.84µm
data_reg\[15\]\[2\],25.83µm
_4506_,25.82µm
_2269_,25.8µm
_3674_,25.8µm
net467,25.78µm
_1732_,25.76µm
_0983_,25.74µm
_2705_,25.74µm
_2702_,25.73µm
_1717_,25.72µm
_1436_,25.7µm
_1680_,25.68µm
_2614_,25.68µm
_3584_,25.68µm
_4040_,25.68µm
_2947_,25.64µm
_2396_,25.63µm
_1766_,25.54µm
_2793_,25.54µm
_0681_,25.52µm
_0835_,25.52µm
data_reg\[9\]\[0\],25.52µm
data_reg\[5\]\[9\],25.46µm
data_reg\[7\]\[0\],25.44µm
_1918_,25.38µm
_1082_,25.36µm
_3743_,25.36µm
_2663_,25.3µm
_1471_,25.28µm
data_reg\[2\]\[11\],25.28µm
_2288_,25.2µm
_2862_,25.18µm
_1483_,25.16µm
_1219_,25.14µm
_3162_,25.1µm
_3140_,25.02µm
_4058_,25.02µm
_2751_,24.96µm
data_reg\[13\]\[12\],24.96µm
_1548_,24.92µm
_1956_,24.92µm
_2908_,24.92µm
_1869_,24.89µm
_1569_,24.86µm
_1312_,24.84µm
data_reg\[14\]\[5\],24.82µm
net115,24.82µm
_0935_,24.8µm
_1764_,24.8µm
_1853_,24.8µm
data_reg\[1\]\[13\],24.8µm
_0872_,24.76µm
data_reg\[6\]\[3\],24.75µm
_1480_,24.74µm
_4086_,24.72µm
data_reg\[10\]\[2\],24.72µm
net444,24.72µm
_2059_,24.7µm
_0388_,24.68µm
data_reg\[14\]\[0\],24.64µm
data_reg\[9\]\[6\],24.64µm
_3866_,24.62µm
_3083_,24.6µm
_1052_,24.56µm
net503,24.56µm
_2811_,24.52µm
_4407_,24.5µm
_0790_,24.46µm
_0836_,24.45µm
net848,24.42µm
_2160_,24.38µm
_4005_,24.38µm
_2037_,24.37µm
_2243_,24.36µm
_3381_,24.36µm
_1622_,24.33µm
_2162_,24.32µm
_2906_,24.3µm
data_reg\[12\]\[5\],24.28µm
_2414_,24.225µm
_2315_,24.2µm
_2688_,24.2µm
_0484_,24.18µm
_1155_,24.18µm
_2836_,24.18µm
_3518_,24.18µm
net1250,24.18µm
_1836_,24.14µm
_0617_,24.12µm
_1796_,24.12µm
_4505_,24.12µm
_1194_,24.08µm
_1816_,24.06µm
result_out[15],24.04µm
_1202_,24.02µm
net611,24µm
data_reg\[6\]\[15\],23.98µm
net75,23.98µm
_2417_,23.96µm
data_reg\[2\]\[1\],23.92µm
_3576_,23.9µm
_1521_,23.88µm
_1785_,23.88µm
_3622_,23.88µm
_1868_,23.84µm
_1998_,23.805µm
_2873_,23.8µm
_2161_,23.76µm
_1745_,23.745µm
_3241_,23.745µm
net1009,23.74µm
_2221_,23.72µm
_3372_,23.71µm
_1470_,23.7µm
_2904_,23.7µm
_0426_,23.68µm
net1247,23.68µm
_0810_,23.64µm
_2753_,23.6µm
data_reg\[13\]\[15\],23.6µm
data_reg\[9\]\[7\],23.6µm
_2504_,23.56µm
result_out[11],23.54µm
_0641_,23.52µm
_0973_,23.52µm
_1474_,23.52µm
_0596_,23.46µm
data_reg\[4\]\[0\],23.44µm
_1499_,23.34µm
_1517_,23.32µm
net320,23.32µm
data_reg\[13\]\[13\],23.3µm
_1442_,23.24µm
net462,23.18µm
net1145,23.16µm
net1186,23.1µm
_4116_,23.08µm
net926,23.08µm
_0908_,23.06µm
_2012_,23.06µm
_1310_,23.04µm
_3390_,23.04µm
net1102,22.98µm
_0522_,22.96µm
_3228_,22.96µm
_3599_,22.96µm
_2099_,22.92µm
_2709_,22.9µm
_4007_,22.9µm
data_reg\[1\]\[4\],22.9µm
_2838_,22.895µm
_1617_,22.89µm
data_reg\[16\]\[6\],22.84µm
_0662_,22.8µm
_2193_,22.8µm
_2672_,22.8µm
_2172_,22.78µm
_3214_,22.76µm
data_reg\[10\]\[1\],22.73µm
_2633_,22.72µm
_2069_,22.7µm
_2526_,22.7µm
net653,22.65µm
_1143_,22.64µm
_3125_,22.62µm
_3857_,22.62µm
data_reg\[15\]\[7\],22.6µm
_1544_,22.58µm
net964,22.54µm
_0760_,22.46µm
_2783_,22.455µm
_2468_,22.44µm
net946,22.44µm
_4334_,22.4µm
net440,22.38µm
_3977_,22.34µm
_0594_,22.285µm
_0654_,22.28µm
_4167_,22.27µm
_2216_,22.26µm
_2278_,22.24µm
_4171_,22.22µm
_3719_,22.2µm
data_reg\[7\]\[8\],22.18µm
_1700_,22.16µm
_4153_,22.16µm
_2140_,22.14µm
result_out[1],22.115µm
data_reg\[13\]\[9\],22.08µm
net553,22.08µm
net4,22.06µm
_1576_,22.05µm
_0577_,22.04µm
_0828_,22.04µm
_2100_,22.04µm
_2706_,22µm
_2244_,21.99µm
net474,21.99µm
_2539_,21.88µm
_3182_,21.88µm
_1403_,21.86µm
_0727_,21.84µm
_2843_,21.82µm
_3477_,21.81µm
_0534_,21.8µm
_2428_,21.8µm
data_reg\[9\]\[11\],21.78µm
_2094_,21.74µm
_3713_,21.74µm
_2641_,21.7µm
net558,21.7µm
_0655_,21.68µm
_3276_,21.68µm
_2017_,21.66µm
_3357_,21.655µm
net552,21.64µm
_2174_,21.62µm
net839,21.62µm
_1675_,21.6µm
net49,21.6µm
_1818_,21.585µm
net998,21.58µm
_3092_,21.54µm
data_reg\[3\]\[10\],21.54µm
_0431_,21.52µm
_3939_,21.5µm
net491,21.5µm
_3079_,21.48µm
net1190,21.46µm
_3830_,21.44µm
_2223_,21.42µm
_2773_,21.4µm
_3964_,21.4µm
_4510_,21.38µm
data_reg\[4\]\[12\],21.38µm
net1055,21.38µm
_3123_,21.36µm
_3822_,21.36µm
_3799_,21.34µm
net774,21.34µm
data_reg\[3\]\[9\],21.32µm
_2786_,21.28µm
_4087_,21.275µm
_1297_,21.24µm
_1370_,21.24µm
data_reg\[8\]\[3\],21.24µm
_2040_,21.22µm
_2199_,21.2µm
_4125_,21.2µm
_3754_,21.17µm
_1625_,21.16µm
_2025_,21.14µm
_2038_,21.14µm
_2997_,21.12µm
net513,21.12µm
_2106_,21.1µm
_3501_,21.08µm
_1639_,21.06µm
data_reg\[8\]\[14\],21.02µm
_2228_,20.98µm
data_reg\[12\]\[6\],20.98µm
net865,20.98µm
_2149_,20.96µm
_3326_,20.94µm
_1845_,20.92µm
data_reg\[11\]\[11\],20.92µm
_2479_,20.89µm
_3792_,20.88µm
net681,20.86µm
_1988_,20.84µm
_2752_,20.84µm
_2787_,20.83µm
_0893_,20.8µm
_4054_,20.8µm
_4152_,20.8µm
net346,20.8µm
_3196_,20.78µm
_3777_,20.78µm
_3961_,20.78µm
data_reg\[0\]\[8\],20.74µm
_1609_,20.72µm
data_reg\[4\]\[9\],20.72µm
_1033_,20.7µm
_2164_,20.7µm
net468,20.7µm
_4508_,20.68µm
_2220_,20.66µm
_3112_,20.64µm
_1844_,20.62µm
_3438_,20.62µm
_2307_,20.58µm
net595,20.58µm
_1518_,20.57µm
_1757_,20.56µm
data_reg\[8\]\[15\],20.54µm
_4047_,20.52µm
_4071_,20.52µm
_0992_,20.48µm
_2022_,20.48µm
_3582_,20.48µm
_2845_,20.42µm
result_out[9],20.415µm
_0724_,20.36µm
_1094_,20.34µm
_1100_,20.34µm
net852,20.32µm
_1627_,20.3µm
_2871_,20.28µm
_2275_,20.24µm
_2957_,20.2µm
_1969_,20.16µm
_2418_,20.16µm
_0776_,20.115µm
_2138_,20.1µm
_4091_,20.1µm
_3132_,20.08µm
_3330_,20.08µm
data_reg\[6\]\[1\],20.08µm
_1134_,20.04µm
_3623_,20.04µm
net1240,20.04µm
data_reg\[9\]\[15\],19.96µm
net956,19.96µm
net34,19.9µm
_3245_,19.86µm
data_reg\[6\]\[14\],19.86µm
data_reg\[9\]\[4\],19.84µm
net1209,19.84µm
_2171_,19.82µm
net864,19.82µm
_1423_,19.8µm
data_reg\[2\]\[13\],19.8µm
_2107_,19.76µm
_2121_,19.76µm
_4053_,19.73µm
net1239,19.72µm
_0949_,19.7µm
_2303_,19.7µm
_3337_,19.7µm
net886,19.7µm
_1183_,19.695µm
data_reg\[11\]\[4\],19.68µm
_1063_,19.66µm
_1815_,19.66µm
_3163_,19.66µm
data_reg\[8\]\[2\],19.66µm
net847,19.64µm
_0692_,19.62µm
_2554_,19.62µm
net577,19.62µm
net910,19.6µm
_1756_,19.54µm
_1794_,19.52µm
net473,19.52µm
net934,19.52µm
_4038_,19.5µm
_2903_,19.485µm
_2114_,19.46µm
_1685_,19.44µm
_1782_,19.44µm
net362,19.42µm
_2412_,19.41µm
_2023_,19.4µm
_3354_,19.385µm
_0838_,19.375µm
_3424_,19.36µm
net1053,19.36µm
data_reg\[7\]\[11\],19.34µm
_1864_,19.32µm
net100,19.28µm
data_reg\[1\]\[14\],19.24µm
_2901_,19.22µm
_0986_,19.2µm
_2181_,19.16µm
_3031_,19.14µm
data_reg\[15\]\[13\],19.14µm
_3512_,19.13µm
_1097_,19.12µm
net908,19.12µm
_2373_,19.08µm
_3212_,19.08µm
net1041,19.08µm
_2266_,19.04µm
net578,19.04µm
_3615_,19µm
data_reg\[5\]\[12\],18.99µm
_1161_,18.98µm
_2733_,18.98µm
_3468_,18.98µm
net1244,18.98µm
_2450_,18.96µm
_3155_,18.94µm
net514,18.94µm
_2246_,18.92µm
net533,18.915µm
data_reg\[0\]\[7\],18.9µm
data_reg\[12\]\[8\],18.9µm
net392,18.9µm
net1044,18.9µm
net1150,18.9µm
_1463_,18.88µm
_1556_,18.88µm
_3535_,18.86µm
net1085,18.86µm
_1235_,18.84µm
_1607_,18.82µm
_3877_,18.82µm
_0412_,18.8µm
_1832_,18.78µm
net21,18.78µm
_2771_,18.76µm
_1814_,18.74µm
_2039_,18.74µm
_4166_,18.74µm
_2222_,18.7µm
_2318_,18.7µm
net827,18.68µm
_3516_,18.66µm
_0774_,18.63µm
_2041_,18.63µm
_2492_,18.62µm
_1182_,18.58µm
_2381_,18.58µm
_4511_,18.58µm
net1070,18.58µm
_1141_,18.54µm
data_reg\[4\]\[5\],18.54µm
data_reg\[16\]\[14\],18.52µm
_1507_,18.5µm
_3953_,18.5µm
_1957_,18.49µm
_1466_,18.48µm
_2213_,18.48µm
_2869_,18.46µm
net1083,18.46µm
_1159_,18.44µm
_1537_,18.44µm
_3443_,18.44µm
net261,18.44µm
_2063_,18.4µm
_3266_,18.4µm
_1293_,18.36µm
_1546_,18.36µm
data_reg\[11\]\[7\],18.36µm
data_reg\[8\]\[7\],18.36µm
net565,18.36µm
_0781_,18.325µm
_3841_,18.32µm
net543,18.32µm
_0588_,18.315µm
_3624_,18.3µm
sample_in[2],18.3µm
net1101,18.3µm
_2150_,18.28µm
_2739_,18.28µm
result_valid,18.28µm
_1888_,18.26µm
_0939_,18.24µm
_2353_,18.24µm
_2416_,18.22µm
_2047_,18.2µm
_2896_,18.2µm
_1402_,18.18µm
_2443_,18.175µm
_0759_,18.16µm
_1072_,18.16µm
_2884_,18.16µm
net451,18.16µm
_0584_,18.14µm
_1993_,18.14µm
data_reg\[10\]\[0\],18.14µm
_3012_,18.12µm
_1898_,18.09µm
data_reg\[11\]\[6\],18.08µm
_0805_,18.075µm
result_out[10],18.075µm
_4120_,18.06µm
data_reg\[11\]\[1\],18.06µm
net355,18.06µm
_2225_,18.04µm
_2759_,18.035µm
_2960_,18.02µm
net27,18.02µm
_3445_,18µm
_3858_,18µm
_3930_,18µm
data_reg\[7\]\[9\],18µm
_2196_,17.98µm
_2502_,17.98µm
data_reg\[2\]\[0\],17.98µm
_1727_,17.94µm
_4194_,17.94µm
net31,17.94µm
net876,17.94µm
_1616_,17.915µm
_0947_,17.91µm
_3305_,17.86µm
net581,17.84µm
_2226_,17.82µm
_3107_,17.82µm
_0580_,17.8µm
data_reg\[16\]\[7\],17.8µm
net1133,17.8µm
_1734_,17.74µm
_0400_,17.73µm
data_reg\[3\]\[4\],17.72µm
_2604_,17.7µm
_3479_,17.7µm
result_out[0],17.695µm
_1682_,17.68µm
data_reg\[3\]\[3\],17.68µm
_2891_,17.66µm
_2976_,17.66µm
net273,17.66µm
_3625_,17.64µm
_2448_,17.62µm
_4504_,17.62µm
net1014,17.62µm
_1996_,17.6µm
_3237_,17.6µm
data_reg\[13\]\[1\],17.58µm
_0917_,17.56µm
_2252_,17.56µm
_2317_,17.56µm
_3311_,17.56µm
net551,17.56µm
net835,17.56µm
net1010,17.56µm
_4340_,17.54µm
_1450_,17.48µm
_2929_,17.48µm
_0542_,17.46µm
data_reg\[5\]\[1\],17.46µm
_2349_,17.44µm
_3308_,17.44µm
_2961_,17.42µm
result_out[14],17.36µm
net680,17.36µm
_0541_,17.33µm
_3915_,17.32µm
_1236_,17.31µm
_3680_,17.3µm
_1545_,17.23µm
_3642_,17.21µm
_3215_,17.2µm
_4145_,17.2µm
data_reg\[10\]\[3\],17.2µm
data_reg\[10\]\[15\],17.14µm
data_reg\[9\]\[12\],17.14µm
_2148_,17.12µm
_1728_,17.1µm
net860,17.1µm
net1217,17.1µm
_1709_,17.08µm
_2909_,17.08µm
_1032_,17.06µm
_2540_,17.06µm
net608,17.04µm
_2525_,16.98µm
_3763_,16.96µm
_1497_,16.94µm
_2203_,16.94µm
_3090_,16.94µm
_3905_,16.94µm
_3972_,16.94µm
data_reg\[3\]\[8\],16.94µm
_2159_,16.9µm
_3704_,16.9µm
_1721_,16.86µm
_2049_,16.85µm
_3688_,16.84µm
net165,16.82µm
_3042_,16.78µm
_3869_,16.78µm
_2552_,16.77µm
_1624_,16.745µm
_0763_,16.74µm
_3643_,16.74µm
_0695_,16.72µm
_2259_,16.72µm
_3534_,16.705µm
result_out[12],16.675µm
_1693_,16.66µm
_2816_,16.64µm
_1834_,16.62µm
net1019,16.62µm
net1078,16.62µm
net939,16.6µm
_2931_,16.58µm
_3108_,16.57µm
_4048_,16.54µm
_3363_,16.52µm
_4503_,16.52µm
_1140_,16.48µm
_1263_,16.48µm
_2393_,16.48µm
data_reg\[8\]\[4\],16.465µm
_2079_,16.4µm
_2461_,16.4µm
_2718_,16.4µm
result_out[5],16.375µm
_1385_,16.355µm
_1075_,16.34µm
_1860_,16.34µm
result_out[4],16.335µm
_1070_,16.3µm
net1189,16.3µm
_1283_,16.26µm
_3009_,16.24µm
_3307_,16.24µm
_0503_,16.2µm
net1111,16.2µm
_1458_,16.18µm
_2311_,16.17µm
_2454_,16.16µm
_2999_,16.16µm
_0706_,16.14µm
_2330_,16.14µm
data_reg\[5\]\[6\],16.14µm
net523,16.14µm
_2413_,16.12µm
_3987_,16.1µm
data_reg\[13\]\[4\],16.1µm
_3067_,16.08µm
_3820_,16.07µm
_4139_,16.07µm
_3497_,16.06µm
data_reg\[16\]\[1\],16.06µm
data_reg\[4\]\[15\],16.06µm
_1087_,16.02µm
data_reg\[15\]\[5\],16.02µm
net48,16.02µm
_0601_,16µm
net825,16µm
_2593_,15.98µm
data_reg\[10\]\[10\],15.98µm
net430,15.98µm
_3929_,15.96µm
net1000,15.96µm
_0971_,15.94µm
_2173_,15.94µm
net1008,15.92µm
_1399_,15.9µm
_2887_,15.9µm
data_reg\[10\]\[6\],15.9µm
net1173,15.9µm
_3613_,15.88µm
_1802_,15.86µm
sample_in[3],15.84µm
sample_in[7],15.84µm
_0806_,15.83µm
_0656_,15.82µm
_3358_,15.82µm
_3483_,15.82µm
_0689_,15.8µm
net522,15.8µm
_1186_,15.76µm
net29,15.76µm
net937,15.76µm
_1712_,15.74µm
_1101_,15.72µm
_2952_,15.72µm
_3954_,15.72µm
data_reg\[13\]\[7\],15.72µm
data_reg\[8\]\[12\],15.72µm
net1074,15.72µm
_0880_,15.7µm
_1377_,15.7µm
_1478_,15.68µm
_1509_,15.68µm
_3462_,15.68µm
_4088_,15.68µm
net1033,15.66µm
_3053_,15.64µm
data_reg\[11\]\[10\],15.64µm
_1670_,15.6µm
_3150_,15.6µm
_2736_,15.58µm
_2348_,15.56µm
data_reg\[6\]\[5\],15.56µm
net983,15.56µm
_0451_,15.52µm
_1661_,15.52µm
_1813_,15.52µm
_0842_,15.5µm
data_reg\[10\]\[8\],15.5µm
net1035,15.5µm
_2142_,15.48µm
_2710_,15.48µm
_3201_,15.48µm
_1524_,15.46µm
_2130_,15.46µm
_1886_,15.45µm
net922,15.44µm
data_reg\[8\]\[0\],15.42µm
net1107,15.4µm
data_reg\[16\]\[4\],15.38µm
sample_in[6],15.38µm
_3271_,15.36µm
_3715_,15.36µm
_3758_,15.36µm
_3834_,15.36µm
_0728_,15.34µm
_2147_,15.34µm
_2170_,15.34µm
_3235_,15.34µm
data_reg\[4\]\[4\],15.34µm
_1640_,15.32µm
_3033_,15.3µm
net1005,15.28µm
_0822_,15.26µm
_1561_,15.26µm
_3664_,15.26µm
_0430_,15.24µm
_2420_,15.24µm
_3177_,15.24µm
_3495_,15.24µm
_4075_,15.24µm
_4146_,15.24µm
net24,15.24µm
_1291_,15.21µm
_2551_,15.2µm
_0600_,15.18µm
_1726_,15.18µm
net231,15.18µm
result_out[13],15.18µm
_1175_,15.16µm
_2457_,15.13µm
data_reg\[16\]\[13\],15.12µm
_2453_,15.115µm
_0736_,15.1µm
_4000_,15.1µm
sample_in[0],15.08µm
data_reg\[15\]\[1\],15.06µm
_1711_,15.02µm
_4234_,15.02µm
_4159_,15.005µm
_4442_,15µm
data_reg\[12\]\[4\],15µm
_3327_,14.98µm
data_reg\[3\]\[1\],14.98µm
net896,14.98µm
net1098,14.98µm
net1221,14.98µm
data_reg\[3\]\[6\],14.96µm
net33,14.96µm
_4014_,14.95µm
_4074_,14.945µm
_1827_,14.94µm
_3947_,14.94µm
_3310_,14.92µm
data_reg\[3\]\[11\],14.92µm
net831,14.92µm
result_out[8],14.915µm
_3269_,14.9µm
data_reg\[10\]\[4\],14.9µm
_1932_,14.86µm
net819,14.86µm
_0768_,14.84µm
_1276_,14.8µm
_2217_,14.8µm
_3903_,14.8µm
net940,14.8µm
_1737_,14.78µm
data_reg\[4\]\[7\],14.78µm
net1073,14.78µm
_2316_,14.76µm
_0718_,14.74µm
_3999_,14.72µm
net35,14.72µm
net1182,14.72µm
net914,14.7µm
_0991_,14.68µm
_3278_,14.68µm
_3569_,14.68µm
data_reg\[16\]\[3\],14.68µm
_2849_,14.66µm
_3864_,14.66µm
net1130,14.66µm
_2152_,14.655µm
_1295_,14.65µm
_2279_,14.64µm
_2483_,14.64µm
data_reg\[15\]\[3\],14.64µm
net872,14.62µm
_3570_,14.585µm
_2516_,14.56µm
_2585_,14.56µm
_1187_,14.54µm
_2902_,14.54µm
data_reg\[15\]\[9\],14.54µm
_2118_,14.52µm
_2553_,14.52µm
_2934_,14.52µm
_3460_,14.5µm
net826,14.5µm
net1054,14.5µm
_0723_,14.48µm
_1633_,14.48µm
net890,14.48µm
_2623_,14.46µm
net657,14.46µm
_0807_,14.44µm
_1557_,14.44µm
_2578_,14.44µm
_3749_,14.44µm
_3959_,14.44µm
_1212_,14.42µm
_2090_,14.42µm
data_reg\[12\]\[2\],14.42µm
_2514_,14.4µm
_3044_,14.4µm
_1635_,14.38µm
_2800_,14.38µm
_2503_,14.36µm
_3056_,14.34µm
_3344_,14.34µm
data_reg\[13\]\[0\],14.32µm
_2788_,14.305µm
_0931_,14.3µm
_1647_,14.3µm
_2024_,14.3µm
_2227_,14.3µm
net520,14.3µm
_1718_,14.28µm
_1337_,14.22µm
_1948_,14.22µm
net32,14.22µm
_2995_,14.18µm
_3771_,14.18µm
net935,14.18µm
_0597_,14.14µm
_1254_,14.14µm
_2136_,14.14µm
_3159_,14.14µm
_3472_,14.12µm
_0666_,14.1µm
_0861_,14.1µm
_2087_,14.1µm
_3290_,14.1µm
_3608_,14.1µm
_2286_,14.06µm
data_reg\[5\]\[14\],14.06µm
net928,14.06µm
_1092_,14.04µm
net477,14.04µm
net991,14.02µm
_3437_,14µm
_3484_,14µm
data_reg\[12\]\[11\],13.96µm
net1082,13.96µm
data_reg\[16\]\[12\],13.94µm
_3692_,13.92µm
_1199_,13.9µm
_1306_,13.9µm
_3464_,13.9µm
net1157,13.9µm
net1168,13.9µm
_0424_,13.88µm
data_reg\[15\]\[6\],13.86µm
_1761_,13.84µm
data_reg\[5\]\[2\],13.84µm
_2657_,13.82µm
_0909_,13.815µm
_0564_,13.8µm
_1746_,13.8µm
data_reg\[15\]\[15\],13.78µm
_2491_,13.76µm
_3580_,13.76µm
_4013_,13.76µm
_1441_,13.755µm
net1068,13.74µm
_4033_,13.72µm
net904,13.72µm
net1202,13.72µm
sample_in[10],13.7µm
sample_in[8],13.7µm
_1935_,13.68µm
data_reg\[14\]\[4\],13.68µm
_0612_,13.66µm
_0514_,13.655µm
_1578_,13.64µm
_1671_,13.64µm
_0047_,13.62µm
_0637_,13.62µm
result_out[7],13.615µm
result_out[6],13.615µm
net1021,13.6µm
net1241,13.6µm
_3297_,13.59µm
data_reg\[13\]\[6\],13.58µm
_0631_,13.56µm
net562,13.56µm
net1177,13.56µm
_1256_,13.54µm
data_reg\[12\]\[10\],13.54µm
_1979_,13.5µm
_2547_,13.5µm
_3006_,13.5µm
net902,13.5µm
_2473_,13.46µm
_2734_,13.46µm
net541,13.46µm
net1139,13.46µm
data_reg\[4\]\[8\],13.44µm
_2626_,13.42µm
_4507_,13.42µm
_1748_,13.4µm
_2179_,13.4µm
_2700_,13.36µm
_2837_,13.36µm
sample_in[9],13.36µm
ready,13.36µm
data_reg\[9\]\[1\],13.34µm
_1911_,13.32µm
_2013_,13.305µm
_2472_,13.26µm
_2624_,13.26µm
net1065,13.26µm
_3978_,13.24µm
net1015,13.24µm
data_reg\[2\]\[15\],13.2µm
_1520_,13.18µm
data_reg\[3\]\[13\],13.18µm
net1080,13.18µm
_4064_,13.175µm
_1037_,13.16µm
data_reg\[9\]\[3\],13.16µm
_1356_,13.14µm
_1995_,13.14µm
_2868_,13.14µm
data_reg\[0\]\[5\],13.14µm
data_reg\[2\]\[6\],13.14µm
net967,13.14µm
net234,13.12µm
_1250_,13.1µm
_1733_,13.1µm
_2434_,13.1µm
_0674_,13.08µm
_2698_,13.08µm
net1024,13.08µm
_1742_,13.06µm
_2573_,13.06µm
_2892_,13.06µm
_2910_,13.06µm
net949,13.06µm
_0879_,13.04µm
_0583_,13.02µm
_2347_,13.02µm
_3303_,13µm
net997,13µm
_0540_,12.96µm
_2051_,12.96µm
_2439_,12.96µm
_3620_,12.96µm
_4119_,12.96µm
net661,12.96µm
_2772_,12.94µm
_3069_,12.94µm
net1047,12.94µm
_1430_,12.92µm
_1735_,12.92µm
sample_in[1],12.9µm
sample_in[4],12.9µm
sample_in[5],12.9µm
net1192,12.9µm
_0436_,12.86µm
net542,12.86µm
_1151_,12.84µm
_2005_,12.84µm
data_reg\[13\]\[2\],12.82µm
_2660_,12.81µm
_3076_,12.8µm
_3161_,12.8µm
_3418_,12.8µm
net874,12.8µm
_1982_,12.78µm
net960,12.78µm
_0668_,12.76µm
_1004_,12.76µm
_2033_,12.76µm
_3255_,12.76µm
data_reg\[2\]\[14\],12.76µm
data_reg\[10\]\[9\],12.74µm
data_reg\[12\]\[9\],12.74µm
_0792_,12.72µm
_3205_,12.72µm
_2872_,12.7µm
_2933_,12.7µm
data_reg\[11\]\[2\],12.7µm
net1022,12.7µm
_0664_,12.68µm
_2769_,12.66µm
net965,12.66µm
net1076,12.66µm
_0480_,12.64µm
net449,12.64µm
_3597_,12.62µm
_3740_,12.62µm
_4230_,12.62µm
_4302_,12.62µm
_1648_,12.6µm
_2949_,12.6µm
net932,12.6µm
_0619_,12.58µm
_2383_,12.58µm
_3530_,12.58µm
_3757_,12.58µm
_0459_,12.57µm
_1292_,12.56µm
_1723_,12.54µm
_3658_,12.54µm
data_reg\[10\]\[11\],12.54µm
net917,12.54µm
net898,12.52µm
_0513_,12.505µm
_1111_,12.5µm
_3909_,12.5µm
net1096,12.5µm
_1596_,12.48µm
_1976_,12.48µm
_0948_,12.47µm
_0766_,12.42µm
_2166_,12.42µm
_0623_,12.4µm
data_reg\[2\]\[12\],12.4µm
_1152_,12.38µm
net970,12.38µm
_1341_,12.36µm
_2328_,12.36µm
net962,12.36µm
_0803_,12.34µm
_1360_,12.34µm
_1568_,12.34µm
_4329_,12.34µm
net1066,12.34µm
_3274_,12.32µm
net856,12.32µm
net1002,12.32µm
_1676_,12.3µm
net505,12.3µm
net916,12.3µm
_2425_,12.28µm
_3887_,12.28µm
net897,12.28µm
_4140_,12.26µm
_3405_,12.25µm
_4098_,12.24µm
data_reg\[15\]\[0\],12.24µm
_1519_,12.22µm
_1896_,12.22µm
_3253_,12.22µm
data_reg\[13\]\[8\],12.22µm
_3096_,12.2µm
_3403_,12.2µm
_1646_,12.18µm
_2155_,12.18µm
_1784_,12.16µm
_4094_,12.16µm
_2117_,12.12µm
_4241_,12.1µm
net977,12.1µm
_1611_,12.08µm
_2527_,12.08µm
_2959_,12.08µm
data_reg\[13\]\[3\],12.08µm
net870,12.08µm
_1171_,12.06µm
_1369_,12.06µm
_1089_,12.04µm
_1628_,12.04µm
_2580_,12.04µm
data_reg\[11\]\[8\],12.04µm
net841,12.04µm
_4035_,12.02µm
net1058,12.02µm
net1160,12.02µm
_3382_,12µm
_4114_,12µm
net981,11.98µm
_1975_,11.96µm
_2581_,11.96µm
net783,11.96µm
_2586_,11.94µm
_1500_,11.92µm
_2401_,11.92µm
_3369_,11.92µm
_3823_,11.92µm
_1246_,11.9µm
_2015_,11.9µm
_0981_,11.88µm
net1045,11.88µm
net1093,11.88µm
_3836_,11.84µm
data_reg\[4\]\[13\],11.84µm
net920,11.84µm
_2625_,11.82µm
_2253_,11.815µm
_0921_,11.8µm
_2859_,11.8µm
_2951_,11.8µm
_2895_,11.78µm
_2535_,11.76µm
_2745_,11.74µm
_4509_,11.74µm
_4439_,11.72µm
_0840_,11.7µm
net1242,11.7µm
_0021_,11.66µm
_1867_,11.66µm
_2435_,11.66µm
_3879_,11.66µm
_0769_,11.64µm
_1215_,11.64µm
_0671_,11.62µm
_2953_,11.62µm
_3896_,11.62µm
data_reg\[7\]\[6\],11.62µm
net1127,11.62µm
sample_in[12],11.61µm
_4190_,11.6µm
_0796_,11.58µm
_1218_,11.58µm
_1373_,11.58µm
_3299_,11.56µm
_4161_,11.56µm
net966,11.56µm
sample_in[15],11.55µm
_2513_,11.54µm
_2686_,11.54µm
_3000_,11.54µm
_3722_,11.54µm
net918,11.54µm
net1075,11.54µm
_1302_,11.5µm
net593,11.5µm
_1665_,11.46µm
_3492_,11.46µm
_3956_,11.46µm
net23,11.46µm
net1188,11.46µm
_2339_,11.43µm
net1003,11.42µm
_4118_,11.4µm
_4144_,11.4µm
_3345_,11.38µm
_3519_,11.38µm
_3537_,11.38µm
_3594_,11.38µm
net457,11.38µm
net1199,11.38µm
_3383_,11.37µm
_3089_,11.36µm
net1178,11.36µm
net502,11.34µm
_1007_,11.32µm
_2044_,11.32µm
_3430_,11.32µm
net754,11.32µm
_1333_,11.3µm
net540,11.3µm
net906,11.3µm
_2724_,11.28µm
net790,11.28µm
net883,11.28µm
net892,11.28µm
net921,11.28µm
_2030_,11.26µm
_3727_,11.26µm
_0491_,11.24µm
_4132_,11.24µm
net492,11.24µm
_2386_,11.22µm
_2429_,11.22µm
_0733_,11.2µm
_1331_,11.2µm
_2357_,11.2µm
_3932_,11.2µm
data_reg\[0\]\[10\],11.2µm
net767,11.2µm
net1213,11.18µm
_1301_,11.16µm
_1926_,11.16µm
_3514_,11.16µm
_2693_,11.14µm
_3886_,11.14µm
_1394_,11.12µm
net985,11.12µm
net1063,11.12µm
_0767_,11.1µm
_3618_,11.08µm
data_reg\[9\]\[9\],11.08µm
net1123,11.08µm
_0873_,11.06µm
_0351_,11.04µm
_0551_,11.04µm
_1066_,11.04µm
_1078_,11.04µm
_1747_,11.04µm
_2661_,11.04µm
_3761_,11.04µm
_4049_,11.04µm
_2605_,11.02µm
_0744_,11µm
_1435_,11µm
data_reg\[7\]\[5\],10.98µm
_2989_,10.96µm
_1848_,10.94µm
data_reg\[16\]\[2\],10.94µm
net539,10.94µm
net1006,10.94µm
_2009_,10.92µm
_2770_,10.92µm
net496,10.92µm
_3673_,10.9µm
net799,10.9µm
_3250_,10.88µm
_0466_,10.86µm
net791,10.86µm
net880,10.86µm
net978,10.86µm
net1170,10.86µm
_1724_,10.84µm
net433,10.84µm
net882,10.84µm
_0659_,10.82µm
_1511_,10.82µm
_3393_,10.82µm
_3612_,10.82µm
data_reg\[3\]\[0\],10.82µm
net548,10.82µm
net1169,10.82µm
_2779_,10.8µm
_2853_,10.8µm
net460,10.8µm
_2655_,10.79µm
_2761_,10.78µm
_2982_,10.78µm
_4196_,10.78µm
_2511_,10.74µm
_2930_,10.74µm
_3504_,10.74µm
net504,10.74µm
_1912_,10.72µm
_2858_,10.72µm
_3457_,10.72µm
_3370_,10.7µm
_3706_,10.7µm
_4265_,10.7µm
net1149,10.7µm
_2523_,10.685µm
_0743_,10.66µm
_1736_,10.66µm
_2801_,10.66µm
_3587_,10.66µm
data_reg\[7\]\[7\],10.66µm
net1147,10.66µm
net1216,10.66µm
_2415_,10.64µm
_4294_,10.63µm
_0933_,10.62µm
_2777_,10.62µm
_2295_,10.6µm
_1563_,10.59µm
_0771_,10.58µm
_1133_,10.58µm
_1945_,10.58µm
_3843_,10.58µm
_4065_,10.56µm
_1920_,10.54µm
_2436_,10.54µm
_2615_,10.54µm
_3669_,10.54µm
net950,10.52µm
_1015_,10.5µm
_2639_,10.5µm
_4105_,10.5µm
net602,10.5µm
_2312_,10.48µm
_4206_,10.48µm
_1752_,10.46µm
_1990_,10.46µm
_2194_,10.44µm
net1253,10.44µm
_0078_,10.425µm
_0604_,10.42µm
_2355_,10.42µm
_3739_,10.42µm
_0172_,10.4µm
_3321_,10.4µm
_4011_,10.4µm
_4458_,10.4µm
net924,10.4µm
net1049,10.4µm
net1117,10.4µm
net1246,10.4µm
_0559_,10.38µm
_1137_,10.38µm
_1865_,10.38µm
_4436_,10.38µm
_1220_,10.36µm
_3197_,10.36µm
_3798_,10.36µm
net8,10.36µm
net437,10.36µm
_3013_,10.35µm
_1269_,10.34µm
_2474_,10.34µm
_4303_,10.34µm
net633,10.3µm
_2913_,10.3µm
net168,10.3µm
data_reg\[7\]\[3\],10.28µm
data_reg\[9\]\[2\],10.28µm
net993,10.28µm
net1175,10.28µm
_2331_,10.26µm
_2356_,10.26µm
_3094_,10.26µm
_4231_,10.26µm
_1987_,10.24µm
result_out[2],10.215µm
_1542_,10.2µm
_2500_,10.2µm
_4089_,10.2µm
net829,10.2µm
net493,10.18µm
net976,10.18µm
net1089,10.18µm
net1151,10.18µm
_0035_,10.16µm
_0367_,10.16µm
_2509_,10.16µm
_2922_,10.16µm
_3936_,10.16µm
net1184,10.16µm
net1203,10.16µm
_1740_,10.14µm
net1031,10.14µm
_3394_,10.12µm
_3980_,10.12µm
_1231_,10.1µm
net656,10.1µm
_3396_,10.08µm
net969,10.08µm
net1193,10.06µm
_0481_,10.04µm
_0611_,10.04µm
_0614_,10.04µm
_1318_,10.04µm
_1428_,10.04µm
_1566_,10.04µm
_1641_,10.04µm
_1943_,10.04µm
_2601_,10.01µm
_1473_,10µm
_3246_,10µm
data_reg\[5\]\[7\],10µm
net953,10µm
net1185,10µm
_2689_,9.985µm
net518,9.98µm
_2131_,9.97µm
_3223_,9.97µm
_1763_,9.96µm
_1870_,9.96µm
_2455_,9.96µm
_2598_,9.96µm
net1086,9.96µm
_0043_,9.94µm
net837,9.94µm
net887,9.94µm
net992,9.94µm
net1135,9.94µm
net1144,9.94µm
_0673_,9.93µm
_0868_,9.92µm
_0874_,9.92µm
_1538_,9.92µm
_2264_,9.92µm
_3629_,9.92µm
_4266_,9.92µm
sample_in[14],9.91µm
_1313_,9.9µm
_1787_,9.9µm
_2588_,9.9µm
net434,9.9µm
net510,9.9µm
_4349_,9.89µm
_1408_,9.88µm
_2471_,9.88µm
_4210_,9.88µm
_4215_,9.88µm
_0686_,9.86µm
_2405_,9.86µm
_3500_,9.86µm
_0363_,9.82µm
_0380_,9.82µm
_2444_,9.82µm
_2532_,9.82µm
_3001_,9.82µm
_3289_,9.82µm
_4280_,9.82µm
net787,9.82µm
net891,9.82µm
_2274_,9.81µm
_0709_,9.805µm
_1846_,9.8µm
_3521_,9.8µm
_3919_,9.785µm
_0713_,9.78µm
_1275_,9.78µm
_3563_,9.78µm
_4061_,9.78µm
_4154_,9.78µm
net479,9.78µm
net599,9.78µm
_3068_,9.76µm
_3818_,9.76µm
net1180,9.76µm
_2571_,9.74µm
_3946_,9.74µm
_1789_,9.7µm
_2795_,9.7µm
_2797_,9.7µm
_3309_,9.7µm
_3690_,9.7µm
_3773_,9.7µm
net1042,9.7µm
net1158,9.7µm
_0649_,9.68µm
_2840_,9.68µm
_3666_,9.68µm
sample_valid,9.675µm
_1612_,9.66µm
net842,9.66µm
net1256,9.66µm
_2830_,9.64µm
net878,9.64µm
_1535_,9.62µm
data_reg\[10\]\[5\],9.62µm
net573,9.62µm
_1172_,9.605µm
_2020_,9.6µm
net797,9.6µm
_0419_,9.58µm
_0802_,9.58µm
_1160_,9.58µm
_1361_,9.58µm
_1997_,9.58µm
_2232_,9.58µm
_2308_,9.58µm
_3993_,9.58µm
net1198,9.58µm
_0761_,9.54µm
_0889_,9.54µm
_1076_,9.54µm
_1655_,9.54µm
_3741_,9.54µm
_3926_,9.54µm
_4142_,9.54µm
_4410_,9.54µm
data_reg\[12\]\[1\],9.54µm
result_out[3],9.535µm
_0390_,9.52µm
_3236_,9.52µm
_3742_,9.52µm
_4155_,9.51µm
_1758_,9.5µm
_2141_,9.5µm
data_reg\[3\]\[5\],9.5µm
_1657_,9.48µm
data_reg\[7\]\[2\],9.48µm
net233,9.48µm
net832,9.48µm
net925,9.48µm
net943,9.48µm
net1032,9.48µm
net1079,9.48µm
net1104,9.48µm
net1161,9.48µm
net1211,9.48µm
_2606_,9.475µm
_0900_,9.46µm
_1755_,9.46µm
_3322_,9.46µm
_4312_,9.46µm
net677,9.46µm
_0813_,9.44µm
_0954_,9.44µm
_2701_,9.44µm
_3175_,9.44µm
_2419_,9.42µm
_2424_,9.42µm
_2714_,9.42µm
_3807_,9.42µm
net1062,9.42µm
_2877_,9.4µm
_3173_,9.4µm
net785,9.4µm
_1686_,9.385µm
net942,9.38µm
net1007,9.38µm
_2392_,9.37µm
_0667_,9.36µm
_0719_,9.36µm
_0794_,9.36µm
_1947_,9.36µm
_3661_,9.36µm
_4264_,9.36µm
net775,9.36µm
net1187,9.36µm
_0833_,9.35µm
_0432_,9.34µm
_4367_,9.34µm
_4376_,9.34µm
_4445_,9.34µm
_0517_,9.32µm
_0699_,9.32µm
_0826_,9.32µm
_0966_,9.32µm
_2180_,9.32µm
_3868_,9.32µm
_1128_,9.28µm
_2464_,9.28µm
net1038,9.28µm
_0418_,9.26µm
_3296_,9.26µm
_3927_,9.26µm
_0016_,9.24µm
_1554_,9.24µm
_2469_,9.24µm
_2898_,9.22µm
_0302_,9.2µm
_0355_,9.2µm
_0684_,9.2µm
_1259_,9.2µm
_2230_,9.2µm
_2236_,9.2µm
_2524_,9.2µm
_3697_,9.2µm
data_reg\[4\]\[14\],9.2µm
net895,9.2µm
net901,9.2µm
net1097,9.2µm
net868,9.18µm
_1773_,9.17µm
net517,9.16µm
net1141,9.16µm
net1165,9.16µm
_2480_,9.14µm
_1153_,9.12µm
_3407_,9.12µm
_3427_,9.12µm
_3431_,9.12µm
net1155,9.12µm
data_reg\[6\]\[8\],9.1µm
net486,9.08µm
_2506_,9.08µm
_3338_,9.08µm
_3417_,9.08µm
_2123_,9.075µm
_4009_,9.07µm
_1707_,9.06µm
_3813_,9.06µm
net869,9.06µm
_1644_,9.02µm
_1966_,9.02µm
_2607_,9.02µm
_3420_,9.02µm
net223,9.02µm
net773,9.02µm
net784,9.02µm
net905,9.02µm
net929,9.02µm
net951,9.02µm
net1046,9.02µm
_0062_,9µm
_2727_,9µm
_0447_,8.98µm
net545,8.98µm
_0924_,8.98µm
data_reg\[2\]\[8\],8.98µm
data_reg\[3\]\[14\],8.98µm
rst_n,8.975µm
_0685_,8.96µm
_1419_,8.96µm
_2851_,8.96µm
_4170_,8.96µm
net546,8.96µm
_2154_,8.94µm
_4097_,8.94µm
_4176_,8.94µm
_0801_,8.91µm
_1226_,8.9µm
_1710_,8.9µm
_1889_,8.9µm
_2250_,8.9µm
_2579_,8.9µm
_2880_,8.9µm
_2938_,8.9µm
_3065_,8.9µm
_3898_,8.9µm
_3918_,8.9µm
data_reg\[6\]\[9\],8.9µm
_0448_,8.88µm
_2914_,8.88µm
_3413_,8.88µm
_3707_,8.88µm
_4169_,8.88µm
_4233_,8.88µm
_0530_,8.86µm
_0729_,8.86µm
_1106_,8.86µm
_2342_,8.86µm
_3429_,8.86µm
_3892_,8.86µm
net95,8.86µm
net1191,8.84µm
_2132_,8.82µm
_2438_,8.82µm
_4261_,8.82µm
net1051,8.82µm
net1219,8.82µm
_1417_,8.8µm
_1584_,8.8µm
_3062_,8.8µm
_0094_,8.78µm
_0714_,8.78µm
_1595_,8.78µm
_1880_,8.78µm
_2376_,8.78µm
_2653_,8.78µm
_4450_,8.78µm
data_reg\[8\]\[8\],8.78µm
_3020_,8.76µm
_0025_,8.74µm
_1216_,8.74µm
_1241_,8.74µm
_1839_,8.74µm
_2918_,8.74µm
_3880_,8.74µm
_4028_,8.74µm
net1138,8.74µm
net798,8.72µm
_2510_,8.71µm
_0903_,8.7µm
_2799_,8.7µm
_3295_,8.7µm
_4160_,8.7µm
_4084_,8.69µm
_2003_,8.68µm
_3341_,8.68µm
_4180_,8.67µm
_0959_,8.66µm
_3507_,8.66µm
net480,8.66µm
_2608_,8.655µm
_3720_,8.645µm
_0166_,8.64µm
_0181_,8.64µm
_0844_,8.64µm
_2825_,8.64µm
_1425_,8.62µm
_3764_,8.62µm
_3968_,8.62µm
net801,8.62µm
net1201,8.62µm
net1243,8.62µm
_0190_,8.6µm
_2912_,8.6µm
_3861_,8.6µm
_4042_,8.6µm
net772,8.6µm
net782,8.6µm
net982,8.6µm
_1508_,8.59µm
_1978_,8.585µm
_0700_,8.58µm
_1971_,8.58µm
_2538_,8.58µm
_3054_,8.58µm
_3551_,8.58µm
_2219_,8.56µm
_2313_,8.56µm
_2367_,8.56µm
_4426_,8.56µm
_4478_,8.56µm
net840,8.56µm
sample_in[11],8.55µm
_3191_,8.54µm
_4079_,8.525µm
_0613_,8.52µm
_0834_,8.52µm
_1371_,8.52µm
_1810_,8.52µm
_2204_,8.52µm
data_reg\[11\]\[5\],8.52µm
data_reg\[14\]\[2\],8.52µm
net224,8.52µm
_0155_,8.5µm
_0676_,8.5µm
_1184_,8.5µm
_1447_,8.5µm
_2167_,8.5µm
_2955_,8.5µm
_3848_,8.5µm
_4277_,8.5µm
_0895_,8.48µm
_2143_,8.48µm
net894,8.48µm
net912,8.48µm
_4348_,8.47µm
_1602_,8.465µm
data_reg\[1\]\[12\],8.465µm
_3891_,8.46µm
_3976_,8.46µm
net410,8.46µm
_2178_,8.455µm
_1562_,8.44µm
_1668_,8.44µm
_1968_,8.44µm
_2112_,8.44µm
_2899_,8.44µm
net481,8.44µm
net807,8.44µm
net859,8.44µm
_0772_,8.42µm
_1324_,8.42µm
_1626_,8.42µm
_4288_,8.42µm
_4425_,8.42µm
_0443_,8.4µm
_1876_,8.4µm
_2486_,8.4µm
_2828_,8.4µm
_3672_,8.4µm
_4246_,8.4µm
_4115_,8.39µm
_4129_,8.38µm
_3225_,8.36µm
_3527_,8.36µm
_4010_,8.36µm
net555,8.36µm
_1014_,8.34µm
net1159,8.34µm
_0765_,8.32µm
_0809_,8.32µm
_1505_,8.32µm
_2327_,8.32µm
_3571_,8.32µm
_3888_,8.32µm
_0415_,8.28µm
_0672_,8.28µm
_2021_,8.28µm
_3522_,8.28µm
_0107_,8.26µm
net793,8.26µm
net806,8.26µm
net818,8.26µm
_2948_,8.24µm
net559,8.22µm
sample_in[13],8.21µm
_2833_,8.2µm
_3120_,8.2µm
net443,8.2µm
_0219_,8.18µm
_0996_,8.18µm
_2515_,8.16µm
_3544_,8.16µm
accum_reg\[36\],8.14µm
net1228,8.14µm
_1273_,8.12µm
_2991_,8.12µm
_3022_,8.12µm
_3867_,8.12µm
_4354_,8.12µm
net1146,8.12µm
_0176_,8.1µm
_2575_,8.1µm
_3055_,8.1µm
_4394_,8.1µm
net422,8.1µm
net789,8.1µm
net1052,8.1µm
_2749_,8.08µm
_3114_,8.08µm
_3520_,8.08µm
_4278_,8.08µm
_4360_,8.08µm
_0632_,8.06µm
_1666_,8.06µm
_2410_,8.06µm
_3142_,8.055µm
_2611_,8.04µm
_1372_,8.02µm
_1585_,8.02µm
_2055_,8.02µm
_2263_,8.02µm
_2932_,8.02µm
_4402_,8.02µm
net220,8.02µm
net534,8.02µm
_4012_,8µm
_3681_,7.99µm
_0290_,7.98µm
_0603_,7.98µm
_1103_,7.98µm
_1636_,7.98µm
_1850_,7.98µm
_2129_,7.98µm
_2388_,7.98µm
_2648_,7.98µm
_3078_,7.98µm
_3279_,7.98µm
_3647_,7.98µm
data_reg\[16\]\[5\],7.98µm
_2731_,7.96µm
_3528_,7.96µm
_4342_,7.96µm
_1456_,7.94µm
_1946_,7.94µm
_1970_,7.94µm
_2046_,7.94µm
_2135_,7.94µm
_3188_,7.94µm
_3217_,7.94µm
_4207_,7.94µm
_4428_,7.94µm
net597,7.94µm
_3885_,7.92µm
net1012,7.92µm
data_reg\[8\]\[5\],7.9µm
net1136,7.9µm
_4292_,7.89µm
_1274_,7.88µm
_3839_,7.88µm
net1095,7.88µm
_1214_,7.86µm
_2346_,7.86µm
_3146_,7.86µm
_3180_,7.86µm
_3689_,7.86µm
_4008_,7.86µm
_4202_,7.86µm
data_reg\[16\]\[0\],7.86µm
data_reg\[1\]\[6\],7.86µm
net438,7.86µm
net499,7.86µm
net1164,7.86µm
_0255_,7.84µm
_0978_,7.82µm
_2900_,7.82µm
net1023,7.82µm
_0114_,7.805µm
_0327_,7.8µm
net824,7.8µm
net1176,7.8µm
_1062_,7.78µm
_1477_,7.78µm
_2066_,7.78µm
_3628_,7.78µm
net1162,7.78µm
_2809_,7.76µm
_2921_,7.76µm
net1110,7.76µm
_0508_,7.74µm
_0881_,7.74µm
_1057_,7.74µm
_2240_,7.74µm
_2497_,7.74µm
_3600_,7.74µm
data_reg\[16\]\[8\],7.74µm
_4204_,7.72µm
net448,7.72µm
_0694_,7.7µm
_2946_,7.7µm
_3845_,7.7µm
_1580_,7.69µm
_0799_,7.68µm
_2939_,7.68µm
net1029,7.68µm
_1472_,7.66µm
_1874_,7.66µm
_2218_,7.66µm
_3476_,7.66µm
_4229_,7.66µm
net989,7.66µm
_0345_,7.64µm
_0858_,7.64µm
_1642_,7.64µm
_2587_,7.64µm
_2690_,7.64µm
_2826_,7.64µm
_3630_,7.64µm
_4081_,7.64µm
_4435_,7.64µm
net28,7.64µm
net758,7.64µm
net1153,7.64µm
net1251,7.64µm
_2104_,7.62µm
_2750_,7.62µm
_4209_,7.62µm
_4287_,7.62µm
data_reg\[2\]\[10\],7.62µm
_3401_,7.6µm
_3577_,7.6µm
_3684_,7.6µm
_3723_,7.6µm
net222,7.6µm
_1960_,7.58µm
_2564_,7.58µm
_4237_,7.58µm
_4272_,7.58µm
_4151_,7.565µm
_0040_,7.56µm
_2456_,7.56µm
_4291_,7.56µm
net544,7.56µm
net563,7.56µm
_0054_,7.54µm
net1230,7.54µm
_1449_,7.52µm
_2091_,7.52µm
_2359_,7.52µm
_2478_,7.52µm
_3027_,7.52µm
_3151_,7.52µm
_3641_,7.52µm
data_reg\[16\]\[15\],7.52µm
_1196_,7.5µm
_2057_,7.5µm
_4290_,7.5µm
_4345_,7.5µm
_4365_,7.5µm
_4391_,7.5µm
_4416_,7.5µm
net972,7.5µm
_0823_,7.48µm
_1158_,7.48µm
_1840_,7.48µm
_2590_,7.48µm
_2678_,7.48µm
_2738_,7.48µm
_3441_,7.48µm
_0670_,7.46µm
_0693_,7.46µm
_0206_,7.44µm
_2968_,7.44µm
net802,7.44µm
net919,7.44µm
net1043,7.44µm
_3335_,7.43µm
_1672_,7.42µm
net884,7.42µm
_0547_,7.4µm
_1358_,7.4µm
_1651_,7.4µm
_2925_,7.4µm
_3160_,7.4µm
_3293_,7.4µm
_3428_,7.4µm
_3444_,7.37µm
net516,7.34µm
net794,7.34µm
net952,7.34µm
_0657_,7.32µm
_0752_,7.32µm
_1826_,7.32µm
_2006_,7.32µm
_2426_,7.32µm
net585,7.32µm
net857,7.32µm
net1048,7.32µm
_3451_,7.3µm
net792,7.3µm
_1002_,7.28µm
_1994_,7.28µm
_2755_,7.28µm
_3842_,7.28µm
net524,7.28µm
_0132_,7.26µm
_2072_,7.24µm
_3812_,7.24µm
_4440_,7.24µm
_0240_,7.22µm
_0786_,7.22µm
_1053_,7.22µm
_1168_,7.22µm
_2440_,7.22µm
_3648_,7.22µm
_3914_,7.22µm
_3983_,7.22µm
_4062_,7.22µm
data_reg\[11\]\[3\],7.22µm
data_reg\[5\]\[4\],7.22µm
net557,7.22µm
net820,7.22µm
net959,7.22µm
net1131,7.22µm
_0505_,7.2µm
_2746_,7.2µm
_3789_,7.2µm
_3894_,7.2µm
net69,7.2µm
_0089_,7.18µm
_0265_,7.18µm
_0336_,7.18µm
_0830_,7.18µm
_0926_,7.18µm
_1167_,7.18µm
_1335_,7.18µm
_1900_,7.18µm
_2365_,7.18µm
_2756_,7.18µm
_3853_,7.18µm
_4251_,7.18µm
_4401_,7.18µm
data_reg\[8\]\[6\],7.18µm
net472,7.18µm
net684,7.18µm
_1961_,7.17µm
_1244_,7.16µm
_1705_,7.16µm
_2778_,7.16µm
_3737_,7.16µm
_1392_,7.14µm
_2980_,7.14µm
_3556_,7.14µm
_4243_,7.14µm
net511,7.14µm
_4245_,7.13µm
net879,7.12µm
net980,7.12µm
_2782_,7.11µm
_1195_,7.1µm
_1743_,7.1µm
_2722_,7.1µm
_2854_,7.1µm
data_reg\[6\]\[12\],7.1µm
net813,7.1µm
_3639_,7.07µm
_2343_,7.065µm
_3111_,7.065µm
_0741_,7.06µm
_1179_,7.06µm
_1280_,7.06µm
_3233_,7.06µm
_3928_,7.06µm
data_reg\[11\]\[0\],7.06µm
data_reg\[16\]\[9\],7.06µm
net574,7.06µm
_0980_,7.04µm
_3294_,7.04µm
_4371_,7.04µm
_4499_,7.04µm
_2842_,7µm
net1081,7µm
net1115,7µm
_2522_,6.98µm
_3712_,6.98µm
net176,6.98µm
net590,6.98µm
net1108,6.98µm
_4256_,6.97µm
_0397_,6.96µm
_2680_,6.96µm
_3952_,6.96µm
_0014_,6.94µm
_0041_,6.94µm
_0827_,6.94µm
_1667_,6.94µm
_2314_,6.94µm
_3567_,6.94µm
_3844_,6.94µm
_2645_,6.92µm
_0411_,6.9µm
_0647_,6.9µm
_2463_,6.9µm
net866,6.9µm
net1254,6.9µm
net1258,6.9µm
_1095_,6.88µm
_1338_,6.88µm
_4130_,6.865µm
_0416_,6.86µm
_0665_,6.86µm
_3786_,6.86µm
_4250_,6.85µm
_0032_,6.84µm
_0928_,6.84µm
_1579_,6.84µm
_3049_,6.84µm
_1260_,6.82µm
_2798_,6.82µm
_3770_,6.82µm
_1598_,6.8µm
_3815_,6.8µm
_1916_,6.795µm
_3657_,6.79µm
_0253_,6.78µm
_1315_,6.78µm
_2375_,6.78µm
_0449_,6.76µm
_0645_,6.76µm
_3071_,6.76µm
_3208_,6.76µm
_3408_,6.76µm
_4423_,6.76µm
data_reg\[8\]\[11\],6.76µm
net752,6.76µm
net779,6.76µm
net877,6.76µm
net971,6.76µm
net1084,6.76µm
net1179,6.76µm
_0184_,6.74µm
_1138_,6.74µm
_2785_,6.74µm
_2883_,6.74µm
_4059_,6.74µm
_4306_,6.74µm
net366,6.74µm
_1251_,6.72µm
_1342_,6.72µm
_1437_,6.72µm
_2411_,6.72µm
_2768_,6.72µm
_3084_,6.72µm
_3536_,6.72µm
_3574_,6.72µm
_3705_,6.72µm
_3895_,6.72µm
_4269_,6.72µm
_4472_,6.72µm
net1237,6.72µm
_0342_,6.7µm
_2081_,6.7µm
_4373_,6.7µm
_4448_,6.7µm
_4461_,6.7µm
_1357_,6.66µm
_1391_,6.66µm
_3082_,6.66µm
net995,6.66µm
net1094,6.66µm
_0338_,6.65µm
_0565_,6.64µm
_2027_,6.64µm
_2195_,6.64µm
_2508_,6.64µm
_3469_,6.64µm
_4138_,6.64µm
_4284_,6.64µm
_4437_,6.64µm
net756,6.64µm
net927,6.64µm
net1142,6.64µm
_4387_,6.63µm
_0059_,6.62µm
_3024_,6.62µm
net169,6.62µm
net682,6.62µm
_1533_,6.605µm
_0131_,6.6µm
_1122_,6.6µm
_1234_,6.6µm
_1355_,6.6µm
_1416_,6.6µm
_1506_,6.6µm
_1649_,6.6µm
_2016_,6.6µm
_2333_,6.6µm
_2730_,6.6µm
_2775_,6.6µm
_2945_,6.6µm
_3870_,6.6µm
data_reg\[16\]\[11\],6.6µm
_1825_,6.59µm
_1232_,6.58µm
_1512_,6.58µm
_1972_,6.58µm
_2996_,6.58µm
_4275_,6.58µm
_1064_,6.54µm
net1119,6.54µm
_0263_,6.52µm
_1418_,6.52µm
_1894_,6.52µm
_2358_,6.52µm
_2780_,6.505µm
_1178_,6.5µm
_3585_,6.5µm
_0373_,6.48µm
net471,6.48µm
_0703_,6.48µm
_1829_,6.48µm
_2713_,6.48µm
_2758_,6.48µm
_3164_,6.48µm
_4072_,6.48µm
net588,6.48µm
_0180_,6.46µm
net810,6.44µm
net814,6.44µm
net954,6.44µm
net974,6.44µm
net1255,6.44µm
_0207_,6.42µm
_0721_,6.42µm
net1016,6.42µm
_0295_,6.415µm
_0374_,6.4µm
_1125_,6.4µm
_2897_,6.4µm
_4123_,6.4µm
_0248_,6.38µm
_0271_,6.38µm
_1376_,6.38µm
_3989_,6.38µm
data_reg\[3\]\[12\],6.38µm
_1258_,6.36µm
_1401_,6.36µm
_1406_,6.36µm
_2202_,6.36µm
_2762_,6.36µm
_4162_,6.36µm
_0487_,6.325µm
_0308_,6.32µm
_0936_,6.32µm
_4308_,6.32µm
net1025,6.32µm
net1106,6.32µm
_1328_,6.3µm
_1751_,6.3µm
_2325_,6.3µm
_2459_,6.3µm
_2723_,6.3µm
_3698_,6.3µm
_3824_,6.3µm
_3962_,6.3µm
net232,6.3µm
net764,6.3µm
net844,6.3µm
net851,6.3µm
net975,6.3µm
net994,6.3µm
net1218,6.3µm
_1243_,6.28µm
_1777_,6.28µm
_2146_,6.28µm
_2271_,6.28µm
_2907_,6.28µm
_4296_,6.28µm
net469,6.28µm
_0509_,6.26µm
_0726_,6.26µm
_1221_,6.26µm
_1384_,6.26µm
_1798_,6.26µm
_2234_,6.26µm
_2967_,6.26µm
_3023_,6.26µm
_3997_,6.26µm
_4108_,6.26µm
_4427_,6.26µm
_4429_,6.26µm
_4431_,6.26µm
net219,6.26µm
net535,6.26µm
net576,6.26µm
_4270_,6.25µm
_1018_,6.24µm
_1552_,6.24µm
_4103_,6.24µm
_4213_,6.24µm
_4228_,6.24µm
_4309_,6.24µm
_4310_,6.24µm
_4343_,6.24µm
_4357_,6.24µm
_4322_,6.21µm
_0573_,6.2µm
_1981_,6.2µm
_3323_,6.2µm
_3560_,6.2µm
_4324_,6.2µm
_4326_,6.2µm
_1077_,6.18µm
_1387_,6.18µm
_1780_,6.18µm
_2268_,6.18µm
_2597_,6.18µm
_2964_,6.18µm
_3387_,6.18µm
net606,6.18µm
net903,6.18µm
net1092,6.18µm
net1167,6.18µm
_1573_,6.16µm
_3115_,6.16µm
net1120,6.16µm
_0407_,6.14µm
_1107_,6.14µm
_1119_,6.14µm
_1770_,6.14µm
_2036_,6.14µm
_2391_,6.14µm
_3533_,6.14µm
_3589_,6.14µm
_3590_,6.14µm
_4113_,6.14µm
net450,6.14µm
net459,6.14µm
_0521_,6.12µm
_3258_,6.12µm
_3794_,6.12µm
_4346_,6.12µm
_4400_,6.12µm
_4443_,6.12µm
net815,6.105µm
_1788_,6.08µm
net1112,6.08µm
_1502_,6.06µm
_1600_,6.06µm
_2014_,6.06µm
_2380_,6.06µm
_3059_,6.06µm
_3668_,6.06µm
data_reg\[5\]\[5\],6.06µm
net350,6.06µm
net1103,6.06µm
_4225_,6.05µm
_4262_,6.05µm
_0387_,6.04µm
_1550_,6.04µm
_1952_,6.04µm
_3007_,6.04µm
_0239_,6.02µm
_0888_,6.02µm
_0890_,6.02µm
_1129_,6.02µm
_1347_,6.02µm
_2029_,6.02µm
_2086_,6.02µm
_2089_,6.02µm
_2649_,6.02µm
_2863_,6.02µm
_3176_,6.02µm
_3324_,6.02µm
_3656_,6.02µm
_4026_,6.02µm
net1156,6.02µm
net1194,6.02µm
_2487_,5.98µm
_2541_,5.98µm
_3683_,5.98µm
net1100,5.98µm
net1140,5.98µm
net1171,5.98µm
net1248,5.98µm
_0095_,5.96µm
_0264_,5.96µm
_2499_,5.96µm
net1040,5.96µm
_3458_,5.945µm
_1878_,5.94µm
_2097_,5.94µm
_2134_,5.94µm
_2430_,5.94µm
_2784_,5.94µm
_2878_,5.94µm
_3105_,5.94µm
_3340_,5.94µm
_3496_,5.94µm
_4201_,5.94µm
_0452_,5.92µm
_2917_,5.92µm
_0995_,5.9µm
_3557_,5.9µm
_3635_,5.9µm
_4268_,5.89µm
_0267_,5.86µm
_2034_,5.86µm
_2979_,5.86µm
_3021_,5.86µm
net973,5.86µm
net1252,5.86µm
_1071_,5.85µm
_0151_,5.84µm
_0167_,5.84µm
_0310_,5.84µm
_0737_,5.84µm
_0860_,5.84µm
_0862_,5.84µm
_1547_,5.84µm
_1819_,5.84µm
_2475_,5.84µm
_2835_,5.84µm
_2981_,5.84µm
_3552_,5.84µm
_3960_,5.84µm
net766,5.84µm
net834,5.84µm
net836,5.84µm
net855,5.84µm
net958,5.84µm
net986,5.84µm
net1072,5.84µm
net1090,5.84µm
net1126,5.84µm
net1204,5.84µm
_4055_,5.83µm
_0348_,5.82µm
_1109_,5.82µm
_1126_,5.82µm
_2224_,5.82µm
_3511_,5.82µm
_4299_,5.82µm
_0876_,5.8µm
_1116_,5.8µm
_1286_,5.8µm
_1790_,5.8µm
_2165_,5.8µm
_2596_,5.8µm
_2643_,5.8µm
_2682_,5.8µm
_2935_,5.8µm
_3152_,5.8µm
_3285_,5.8µm
_3298_,5.8µm
_3659_,5.8µm
_3809_,5.8µm
_3863_,5.8µm
_4158_,5.8µm
_4182_,5.8µm
_4235_,5.8µm
_4300_,5.8µm
_4411_,5.8µm
_4493_,5.8µm
net26,5.8µm
net228,5.8µm
net568,5.8µm
net933,5.8µm
net1113,5.8µm
_0237_,5.78µm
_0343_,5.78µm
_0987_,5.78µm
_1060_,5.78µm
_1933_,5.78µm
_2078_,5.78µm
_2493_,5.78µm
_3077_,5.78µm
_4222_,5.78µm
_4223_,5.78µm
_4240_,5.78µm
_4257_,5.78µm
_4259_,5.78µm
_4327_,5.78µm
_4388_,5.78µm
_4393_,5.78µm
_4412_,5.78µm
_4413_,5.78µm
_4418_,5.78µm
_4433_,5.78µm
_4467_,5.78µm
_0923_,5.74µm
net225,5.74µm
net221,5.74µm
net476,5.74µm
net1116,5.74µm
_0079_,5.72µm
_0317_,5.72µm
_0549_,5.72µm
_0642_,5.72µm
_0785_,5.72µm
_0916_,5.72µm
_1551_,5.72µm
_2103_,5.72µm
_2361_,5.72µm
_2609_,5.72µm
_3306_,5.72µm
_3412_,5.72µm
_3565_,5.72µm
_3806_,5.72µm
_3860_,5.72µm
_3995_,5.72µm
_4136_,5.72µm
_4178_,5.72µm
net1121,5.72µm
_4384_,5.71µm
_0091_,5.7µm
_0478_,5.7µm
_1614_,5.7µm
_2352_,5.7µm
_2628_,5.7µm
_3060_,5.7µm
_3362_,5.7µm
net945,5.7µm
_0607_,5.68µm
_1098_,5.68µm
_1597_,5.68µm
_1632_,5.68µm
_1720_,5.68µm
_1857_,5.68µm
_2168_,5.68µm
_2302_,5.68µm
_2360_,5.68µm
_2695_,5.68µm
_3371_,5.68µm
_3422_,5.68µm
_3449_,5.68µm
_3502_,5.68µm
_3621_,5.68µm
_3724_,5.68µm
_3876_,5.68µm
_4143_,5.68µm
_4150_,5.68µm
net439,5.68µm
net465,5.68µm
net598,5.68µm
_0648_,5.62µm
_3538_,5.62µm
net1197,5.62µm
_0364_,5.6µm
_1139_,5.6µm
_2665_,5.6µm
_3542_,5.6µm
_3675_,5.6µm
net20,5.6µm
net432,5.6µm
net1222,5.6µm
_1239_,5.595µm
_1323_,5.58µm
_1528_,5.58µm
_1688_,5.58µm
_0999_,5.575µm
_3732_,5.575µm
_1824_,5.56µm
_1877_,5.56µm
_2083_,5.56µm
_3144_,5.56µm
_3549_,5.56µm
_3893_,5.56µm
_4106_,5.56µm
_4283_,5.56µm
_2350_,5.53µm
net809,5.52µm
net944,5.52µm
net987,5.52µm
net1013,5.52µm
net1137,5.52µm
net1152,5.52µm
net1231,5.52µm
_0084_,5.5µm
_0111_,5.5µm
_0147_,5.5µm
_0258_,5.5µm
_0543_,5.5µm
_0444_,5.48µm
_0507_,5.48µm
_1264_,5.48µm
_1928_,5.48µm
_2096_,5.48µm
_2374_,5.48µm
_2621_,5.48µm
_2875_,5.48µm
_3440_,5.48µm
_3550_,5.48µm
net830,5.48µm
_0031_,5.46µm
_0192_,5.46µm
_0286_,5.46µm
_2721_,5.46µm
_3733_,5.46µm
_4044_,5.46µm
net531,5.46µm
_1206_,5.44µm
_2408_,5.44µm
_3095_,5.44µm
_4289_,5.43µm
_4444_,5.43µm
_0458_,5.425µm
_0337_,5.4µm
_1343_,5.4µm
_3810_,5.4µm
_4027_,5.4µm
_1741_,5.385µm
_0296_,5.38µm
_0829_,5.38µm
_0852_,5.38µm
_1332_,5.38µm
_1516_,5.38µm
_1963_,5.38µm
_2050_,5.38µm
_2305_,5.38µm
_2563_,5.38µm
_2603_,5.38µm
_2812_,5.38µm
net579,5.38µm
net777,5.38µm
net804,5.38µm
net885,5.38µm
net968,5.38µm
_1247_,5.36µm
_1525_,5.36µm
_2061_,5.36µm
_2093_,5.36µm
_3075_,5.36µm
_3434_,5.36µm
_3488_,5.36µm
_0159_,5.34µm
_0169_,5.34µm
_0171_,5.34µm
_0227_,5.34µm
_0332_,5.34µm
_0442_,5.34µm
_0634_,5.34µm
_0793_,5.34µm
_0821_,5.34µm
_1443_,5.34µm
_1677_,5.34µm
_1914_,5.34µm
_2119_,5.34µm
_2546_,5.34µm
_2654_,5.34µm
_2832_,5.34µm
_2911_,5.34µm
_3091_,5.34µm
_3291_,5.34µm
_3356_,5.34µm
_3432_,5.34µm
_4214_,5.34µm
_4295_,5.34µm
_4454_,5.34µm
net1020,5.34µm
net1077,5.34µm
net1091,5.34µm
_1188_,5.295µm
_4347_,5.29µm
_2258_,5.28µm
_4104_,5.28µm
_4319_,5.28µm
net889,5.28µm
net931,5.28µm
net1017,5.28µm
_1115_,5.27µm
_4486_,5.27µm
_3313_,5.265µm
_0075_,5.26µm
_0297_,5.26µm
_0464_,5.26µm
_1999_,5.26µm
_2257_,5.26µm
_2369_,5.26µm
_3035_,5.26µm
_3080_,5.26µm
_3103_,5.26µm
_3325_,5.26µm
_3364_,5.26µm
_3808_,5.26µm
_4468_,5.26µm
net36,5.26µm
net786,5.26µm
net911,5.26µm
net1245,5.26µm
_4475_,5.25µm
_3041_,5.24µm
_3240_,5.24µm
_0185_,5.22µm
_0595_,5.22µm
_0845_,5.22µm
_1271_,5.22µm
_1339_,5.22µm
_2124_,5.22µm
_2205_,5.22µm
_2345_,5.22µm
_2531_,5.22µm
_2557_,5.22µm
_2574_,5.22µm
_2720_,5.22µm
_2765_,5.22µm
_3099_,5.22µm
_3378_,5.22µm
_3461_,5.22µm
_3487_,5.22µm
_3581_,5.22µm
_3655_,5.22µm
_3730_,5.22µm
_4016_,5.22µm
_4168_,5.22µm
net44,5.22µm
net612,5.22µm
_3119_,5.16µm
_3320_,5.16µm
_2256_,5.145µm
_0039_,5.14µm
_0942_,5.14µm
_2272_,5.14µm
_2465_,5.14µm
_2467_,5.14µm
_2592_,5.14µm
_3670_,5.14µm
_0129_,5.12µm
_1973_,5.12µm
_3604_,5.12µm
net1163,5.12µm
_1205_,5.1µm
_1921_,5.1µm
_2035_,5.1µm
_2188_,5.1µm
_2476_,5.1µm
_2638_,5.1µm
_2966_,5.1µm
_3353_,5.1µm
_3367_,5.1µm
_3532_,5.1µm
_3640_,5.1µm
_3702_,5.1µm
_4041_,5.1µm
_4173_,5.1µm
_1272_,5.06µm
_3243_,5.06µm
net768,5.06µm
net795,5.06µm
net805,5.06µm
net816,5.06µm
net871,5.06µm
net923,5.06µm
net1122,5.06µm
net1196,5.06µm
_0272_,5.04µm
_0278_,5.04µm
_2294_,5.04µm
_3204_,5.04µm
net788,5.04µm
net796,5.04µm
net1220,5.04µm
_0023_,5.02µm
_0304_,5.02µm
_0450_,5.02µm
_0537_,5.02µm
_0850_,5.02µm
_1208_,5.02µm
_1460_,5.02µm
_1917_,5.02µm
_2379_,5.02µm
_2433_,5.02µm
_2490_,5.02µm
_2684_,5.02µm
net685,5.02µm
net828,5.02µm
_0029_,5µm
_0251_,5µm
_0262_,5µm
_0817_,5µm
_2973_,5µm
_3985_,5µm
_0841_,4.975µm
_0951_,4.94µm
_2292_,4.94µm
_3710_,4.94µm
_4369_,4.94µm
net760,4.94µm
net771,4.94µm
net781,4.94µm
net899,4.94µm
net907,4.94µm
net948,4.94µm
net984,4.94µm
net996,4.94µm
net1036,4.94µm
net1039,4.94µm
net1059,4.94µm
net1069,4.94µm
net1195,4.94µm
net1205,4.94µm
net1212,4.94µm
net1229,4.94µm
_4381_,4.93µm
_0254_,4.92µm
_0257_,4.92µm
_0366_,4.92µm
_0369_,4.92µm
_1156_,4.92µm
_1329_,4.92µm
_1570_,4.92µm
_1683_,4.92µm
_2542_,4.92µm
_3691_,4.92µm
_3832_,4.92µm
_3840_,4.92µm
_4316_,4.92µm
net683,4.92µm
net762,4.92µm
net808,4.92µm
net849,4.92µm
net1143,4.92µm
net1210,4.92µm
net1249,4.92µm
_0725_,4.9µm
_1031_,4.9µm
_2950_,4.9µm
_2965_,4.9µm
_3755_,4.9µm
_0055_,4.88µm
_0165_,4.88µm
_0168_,4.88µm
_0196_,4.88µm
_0205_,4.88µm
_0628_,4.88µm
_1012_,4.88µm
_1041_,4.88µm
_1467_,4.88µm
_1749_,4.88µm
_1930_,4.88µm
_1989_,4.88µm
_3061_,4.88µm
_3238_,4.88µm
_4219_,4.88µm
_4255_,4.88µm
_4297_,4.88µm
_4366_,4.88µm
_4399_,4.88µm
_4479_,4.88µm
data_reg\[11\]\[9\],4.88µm
net591,4.88µm
net817,4.88µm
net1088,4.88µm
net1109,4.88µm
_3541_,4.86µm
_4323_,4.83µm
_3489_,4.825µm
_0174_,4.82µm
_1855_,4.82µm
_1925_,4.82µm
_2886_,4.82µm
_4248_,4.82µm
_4321_,4.82µm
_0287_,4.8µm
_0897_,4.8µm
_1265_,4.8µm
_1287_,4.8µm
_1351_,4.8µm
_1363_,4.8µm
_1400_,4.8µm
_1448_,4.8µm
_2189_,4.8µm
_2285_,4.8µm
_2344_,4.8µm
_2565_,4.8µm
_2711_,4.8µm
_3286_,4.8µm
_3486_,4.8µm
_3811_,4.8µm
_3920_,4.8µm
_4019_,4.8µm
_4067_,4.8µm
_4073_,4.8µm
_4313_,4.8µm
net494,4.8µm
net838,4.8µm
net909,4.8µm
net1087,4.8µm
_1325_,4.78µm
_3351_,4.78µm
_3796_,4.78µm
_0618_,4.76µm
_0837_,4.76µm
_1510_,4.76µm
_2028_,4.76µm
_2153_,4.76µm
_2397_,4.76µm
_2543_,4.76µm
_3259_,4.76µm
_3302_,4.76µm
_3374_,4.76µm
_4186_,4.76µm
net423,4.76µm
_4252_,4.73µm
net498,4.73µm
_1986_,4.705µm
_0944_,4.7µm
_1340_,4.7µm
net1071,4.7µm
net1174,4.7µm
net1200,4.7µm
_0026_,4.68µm
_0473_,4.68µm
_1176_,4.68µm
_1255_,4.68µm
_1375_,4.68µm
_1662_,4.68µm
_1858_,4.68µm
_2010_,4.68µm
_2125_,4.68µm
_2398_,4.68µm
_2676_,4.68µm
_3139_,4.68µm
_3360_,4.68µm
_3601_,4.68µm
_4473_,4.68µm
net25,4.68µm
net858,4.66µm
_2616_,4.64µm
_4274_,4.635µm
_4386_,4.635µm
_4403_,4.635µm
_1225_,4.6µm
_1696_,4.6µm
_1767_,4.6µm
_3081_,4.6µm
net803,4.6µm
net853,4.6µm
net863,4.6µm
net873,4.6µm
net875,4.6µm
net881,4.6µm
net888,4.6µm
net893,4.6µm
net936,4.6µm
net1001,4.6µm
net1004,4.6µm
net1011,4.6µm
net1028,4.6µm
net1034,4.6µm
net1148,4.6µm
net1172,4.6µm
net1214,4.6µm
net1227,4.6µm
_0033_,4.58µm
_0126_,4.58µm
_0457_,4.58µm
_2942_,4.58µm
net800,4.58µm
_0068_,4.56µm
_0758_,4.56µm
_0946_,4.56µm
_1090_,4.56µm
_1421_,4.56µm
_1687_,4.56µm
_2002_,4.56µm
_2803_,4.56µm
_3106_,4.56µm
_3425_,4.56µm
_2241_,4.555µm
_4050_,4.555µm
_0071_,4.54µm
_0077_,4.54µm
_0144_,4.54µm
_0150_,4.54µm
_0354_,4.54µm
_1529_,4.54µm
_1959_,4.54µm
_2651_,4.54µm
_3036_,4.54µm
_3194_,4.54µm
_3447_,4.54µm
_2332_,4.52µm
_3829_,4.51µm
_0340_,4.48µm
_1424_,4.48µm
_2988_,4.48µm
_3729_,4.48µm
_3996_,4.48µm
_4131_,4.48µm
_4195_,4.48µm
_4318_,4.48µm
_0092_,4.46µm
_0105_,4.46µm
_0138_,4.46µm
_0274_,4.46µm
_0307_,4.46µm
_0722_,4.46µm
_0960_,4.46µm
_1289_,4.46µm
_1433_,4.46µm
_1678_,4.46µm
_1863_,4.46µm
_1964_,4.46µm
_2127_,4.46µm
_2239_,4.46µm
_2985_,4.46µm
_3113_,4.46µm
_3166_,4.46µm
_3526_,4.46µm
_3899_,4.46µm
_3986_,4.46µm
_4045_,4.46µm
_4379_,4.46µm
net427,4.46µm
net483,4.46µm
net507,4.46µm
net549,4.46µm
net750,4.46µm
net811,4.46µm
net1257,4.46µm
_2113_,4.44µm
_2208_,4.44µm
_2247_,4.44µm
_3559_,4.44µm
_3916_,4.44µm
_4409_,4.44µm
_0161_,4.42µm
_0162_,4.42µm
_0164_,4.42µm
_0175_,4.42µm
_0563_,4.42µm
_1035_,4.42µm
_1169_,4.42µm
_1457_,4.42µm
_1629_,4.42µm
_1909_,4.42µm
_2054_,4.42µm
_2589_,4.42µm
_2619_,4.42µm
_3288_,4.42µm
_3423_,4.42µm
_3592_,4.42µm
_3626_,4.42µm
_3726_,4.42µm
_4208_,4.42µm
_4218_,4.42µm
_4484_,4.42µm
_4494_,4.42µm
net592,4.42µm
_2666_,4.37µm
_1444_,4.36µm
_2545_,4.36µm
_4415_,4.36µm
net610,4.36µm
_0493_,4.34µm
_0572_,4.34µm
_0615_,4.34µm
_0639_,4.34µm
_0683_,4.34µm
_0698_,4.34µm
_0929_,4.34µm
_1079_,4.34µm
_1146_,4.34µm
_1224_,4.34µm
_1530_,4.34µm
_1706_,4.34µm
_1750_,4.34µm
_1812_,4.34µm
_1890_,4.34µm
_1950_,4.34µm
_1980_,4.34µm
_1992_,4.34µm
_2101_,4.34µm
_2254_,4.34µm
_2449_,4.34µm
_2860_,4.34µm
_2879_,4.34µm
_2936_,4.34µm
_3032_,4.34µm
_3087_,4.34µm
_3121_,4.34µm
_3195_,4.34µm
_3475_,4.34µm
_3505_,4.34µm
_3558_,4.34µm
_3572_,4.34µm
_3631_,4.34µm
_3700_,4.34µm
_3721_,4.34µm
_3803_,4.34µm
_3837_,4.34µm
_3921_,4.34µm
_3957_,4.34µm
_4187_,4.34µm
net441,4.34µm
net955,4.34µm
net1208,4.34µm
_0499_,4.32µm
_1409_,4.32µm
_3800_,4.32µm
_4285_,4.27µm
_2848_,4.24µm
net988,4.24µm
net1037,4.24µm
net1057,4.24µm
_1831_,4.23µm
_0329_,4.22µm
_0569_,4.22µm
_0644_,4.22µm
_1058_,4.22µm
_1285_,4.22µm
_1833_,4.22µm
_2082_,4.22µm
_2517_,4.22µm
_2958_,4.22µm
_3003_,4.22µm
_3375_,4.22µm
_3677_,4.22µm
net564,4.22µm
net1134,4.22µm
_1257_,4.215µm
_1164_,4.2µm
_1691_,4.2µm
_3190_,4.2µm
_1113_,4.195µm
_4076_,4.195µm
_0972_,4.15µm
_3687_,4.15µm
_0189_,4.145µm
_0720_,4.14µm
_0871_,4.14µm
_2692_,4.14µm
_2846_,4.14µm
_3373_,4.14µm
net30,4.14µm
_0061_,4.12µm
_0122_,4.12µm
_0136_,4.12µm
_0187_,4.12µm
_0238_,4.12µm
_0275_,4.12µm
_0277_,4.12µm
_0291_,4.12µm
_0350_,4.12µm
_0955_,4.12µm
_3170_,4.12µm
_3229_,4.12µm
_3817_,4.12µm
net1232,4.12µm
_1320_,4.1µm
_1594_,4.1µm
_1716_,4.1µm
_2994_,4.1µm
_3040_,4.1µm
_3045_,4.1µm
_3169_,4.1µm
_3605_,4.1µm
_3945_,4.1µm
_3948_,4.1µm
_3958_,4.1µm
data_reg\[13\]\[5\],4.1µm
_0106_,4.08µm
_2610_,4.08µm
_4325_,4.05µm
_4389_,4.05µm
_4024_,4.045µm
_0163_,4.02µm
_0201_,4.02µm
_0315_,4.02µm
_0333_,4.02µm
_0339_,4.02µm
_0349_,4.02µm
_0362_,4.02µm
_1459_,4.02µm
_1823_,4.02µm
_2385_,4.02µm
_2725_,4.02µm
_3207_,4.02µm
_3389_,4.02µm
_4212_,4.02µm
_4239_,4.02µm
_4247_,4.02µm
_4258_,4.02µm
_4276_,4.02µm
_4281_,4.02µm
_4286_,4.02µm
_4311_,4.02µm
_4356_,4.02µm
_4358_,4.02µm
_4375_,4.02µm
_4383_,4.02µm
_4420_,4.02µm
_4438_,4.02µm
_4447_,4.02µm
_4451_,4.02µm
_4457_,4.02µm
_4469_,4.02µm
_4476_,4.02µm
_4477_,4.02µm
_4487_,4.02µm
_4497_,4.02µm
_0022_,4µm
_0069_,4µm
_0088_,4µm
_0112_,4µm
_0148_,4µm
_0226_,4µm
_0230_,4µm
_0246_,4µm
_0247_,4µm
_0261_,4µm
_0269_,4µm
_0301_,4µm
_0306_,4µm
_0322_,4µm
_0475_,4µm
_0918_,4µm
_1068_,4µm
_1227_,4µm
_1316_,4µm
_1431_,4µm
_1539_,4µm
net500,4µm
_1891_,4µm
_2567_,4µm
_3158_,4µm
_3329_,4µm
_3342_,4µm
_3636_,4µm
_3711_,4µm
_3875_,4µm
_3901_,4µm
_4163_,4µm
_4471_,4µm
net556,4µm
net769,4µm
net1050,4µm
net1181,4µm
_0331_,3.98µm
_1684_,3.98µm
_1714_,3.98µm
_2602_,3.98µm
_2646_,3.98µm
_4224_,3.98µm
_4254_,3.98µm
_4405_,3.98µm
_2627_,3.925µm
_4279_,3.91µm
_0553_,3.9µm
_0582_,3.9µm
_0646_,3.9µm
_2617_,3.9µm
_4149_,3.9µm
_4301_,3.9µm
_4359_,3.9µm
_4392_,3.9µm
_4424_,3.9µm
_4459_,3.9µm
net431,3.9µm
net519,3.9µm
net537,3.9µm
net560,3.9µm
_0818_,3.89µm
_2970_,3.885µm
_0209_,3.88µm
_0316_,3.88µm
_0396_,3.88µm
_0562_,3.88µm
_0702_,3.88µm
_0816_,3.88µm
_0831_,3.88µm
_1238_,3.88µm
_1501_,3.88µm
_1591_,3.88µm
_2924_,3.88µm
_2941_,3.88µm
_2983_,3.88µm
_3359_,3.88µm
_3735_,3.88µm
_3855_,3.88µm
_3859_,3.88µm
_4046_,3.88µm
_4090_,3.88µm
_4181_,3.88µm
_4192_,3.88µm
_4242_,3.88µm
_4382_,3.88µm
net43,3.88µm
net1064,3.88µm
net1099,3.88µm
net1238,3.88µm
_2815_,3.86µm
_0052_,3.845µm
_0470_,3.78µm
_1669_,3.78µm
_3846_,3.78µm
net1128,3.78µm
_4460_,3.77µm
_0015_,3.76µm
_0038_,3.76µm
_0141_,3.76µm
_0177_,3.76µm
_0221_,3.76µm
_0704_,3.76µm
_1233_,3.76µm
_1389_,3.76µm
_1432_,3.76µm
_1681_,3.76µm
_1769_,3.76µm
_1983_,3.76µm
_2407_,3.76µm
_2447_,3.76µm
_2691_,3.76µm
_3831_,3.76µm
_3944_,3.76µm
_3984_,3.76µm
_4039_,3.76µm
_4093_,3.76µm
net1018,3.76µm
_3802_,3.755µm
_2591_,3.74µm
_3014_,3.735µm
_2070_,3.68µm
_2192_,3.68µm
_2855_,3.68µm
_3145_,3.68µm
_3275_,3.68µm
_3973_,3.68µm
_4122_,3.68µm
_4339_,3.68µm
net512,3.68µm
_2658_,3.665µm
_0045_,3.66µm
_0053_,3.66µm
_0073_,3.66µm
_0139_,3.66µm
_0158_,3.66µm
_0279_,3.66µm
_0281_,3.66µm
_0299_,3.66µm
_0312_,3.66µm
_0319_,3.66µm
_1005_,3.66µm
_1027_,3.66µm
_2764_,3.66µm
_3198_,3.66µm
_4023_,3.66µm
_4077_,3.66µm
_0938_,3.64µm
_0952_,3.64µm
_1203_,3.64µm
_1249_,3.64µm
_1565_,3.64µm
_1660_,3.64µm
_2095_,3.64µm
_2137_,3.64µm
_2403_,3.64µm
_2703_,3.64µm
_3377_,3.64µm
_3791_,3.64µm
_3969_,3.64µm
_4135_,3.64µm
_4174_,3.64µm
net846,3.64µm
_1555_,3.625µm
_4177_,3.62µm
net938,3.62µm
_2813_,3.59µm
_4320_,3.59µm
_4372_,3.59µm
_0629_,3.56µm
_1795_,3.56µm
_1984_,3.56µm
_2362_,3.56µm
_2694_,3.56µm
_3474_,3.56µm
_3716_,3.56µm
_0003_,3.54µm
_0004_,3.54µm
_0020_,3.54µm
_0037_,3.54µm
_0044_,3.54µm
_0064_,3.54µm
_0074_,3.54µm
_0082_,3.54µm
_0119_,3.54µm
_0145_,3.54µm
_0153_,3.54µm
_0178_,3.54µm
_0179_,3.54µm
_0182_,3.54µm
_0280_,3.54µm
_0371_,3.54µm
_0405_,3.54µm
_0581_,3.54µm
_0620_,3.54µm
_0870_,3.54µm
_0998_,3.54µm
_1426_,3.54µm
_1719_,3.54µm
_1778_,3.54µm
_2335_,3.54µm
_2482_,3.54µm
_2669_,3.54µm
_2834_,3.54µm
_3088_,3.54µm
_3118_,3.54µm
_3256_,3.54µm
_3331_,3.54µm
_3452_,3.54µm
_3454_,3.54µm
_3473_,3.54µm
_3517_,3.54µm
_3882_,3.54µm
_4307_,3.54µm
_4314_,3.54µm
_4361_,3.54µm
_4398_,3.54µm
_4404_,3.54µm
net230,3.54µm
net604,3.54µm
net961,3.54µm
_0375_,3.52µm
_1807_,3.52µm
_2829_,3.52µm
_3005_,3.52µm
_3433_,3.52µm
_4253_,3.52µm
_4298_,3.52µm
_4305_,3.52µm
_4406_,3.52µm
_4446_,3.52µm
_4490_,3.52µm
_4491_,3.52µm
_3314_,3.47µm
_3776_,3.455µm
_3653_,3.45µm
_4488_,3.45µm
_3411_,3.445µm
_0116_,3.44µm
_0529_,3.44µm
_0851_,3.44µm
_1847_,3.44µm
_1977_,3.44µm
_2120_,3.44µm
_2634_,3.44µm
_2847_,3.44µm
_3143_,3.44µm
_3738_,3.44µm
_3797_,3.44µm
_4085_,3.44µm
_4226_,3.44µm
_4344_,3.44µm
_4355_,3.44µm
_4414_,3.44µm
_4482_,3.44µm
net461,3.44µm
net489,3.44µm
_0630_,3.42µm
_0953_,3.42µm
_1121_,3.42µm
_1132_,3.42µm
_1336_,3.42µm
_1445_,3.42µm
_1490_,3.42µm
_1804_,3.42µm
_1893_,3.42µm
net445,3.42µm
_2177_,3.42µm
_2595_,3.42µm
_2659_,3.42µm
_2712_,3.42µm
_2806_,3.42µm
_2841_,3.42µm
_3153_,3.42µm
_3221_,3.42µm
_3242_,3.42µm
_3609_,3.42µm
_3774_,3.42µm
_3795_,3.42µm
_3890_,3.42µm
_3922_,3.42µm
_3971_,3.42µm
_4017_,3.42µm
net861,3.42µm
net1026,3.42µm
_0344_,3.4µm
_3765_,3.4µm
_4203_,3.4µm
_4217_,3.4µm
_4221_,3.4µm
_1118_,3.38µm
_1131_,3.335µm
_3456_,3.32µm
_3731_,3.32µm
net1060,3.32µm
_1808_,3.31µm
_0081_,3.3µm
_0843_,3.3µm
_0964_,3.3µm
_1006_,3.3µm
_1011_,3.3µm
_1112_,3.3µm
_2056_,3.3µm
_2300_,3.3µm
_2406_,3.3µm
_2572_,3.3µm
_2870_,3.3µm
_3018_,3.3µm
_3200_,3.3µm
_3593_,3.3µm
_3908_,3.3µm
_3955_,3.3µm
_3963_,3.3µm
_4185_,3.3µm
_0133_,3.225µm
_0738_,3.22µm
_0982_,3.22µm
_1267_,3.22µm
_2053_,3.22µm
_2488_,3.22µm
_2544_,3.22µm
_2850_,3.22µm
_3503_,3.22µm
_3881_,3.22µm
_3992_,3.22µm
_4004_,3.22µm
_4056_,3.22µm
_4117_,3.22µm
net1114,3.22µm
net1125,3.22µm
net1132,3.22µm
_0010_,3.2µm
_0011_,3.2µm
_0028_,3.2µm
_0036_,3.2µm
_0046_,3.2µm
_0072_,3.2µm
_0087_,3.2µm
_0096_,3.2µm
_0113_,3.2µm
_0140_,3.2µm
_0142_,3.2µm
_0156_,3.2µm
_0199_,3.2µm
_0256_,3.2µm
_0270_,3.2µm
_0273_,3.2µm
_0285_,3.2µm
_0289_,3.2µm
_0293_,3.2µm
_0711_,3.2µm
_1025_,3.2µm
_1277_,3.2µm
_1953_,3.2µm
_2242_,3.2µm
_3676_,3.2µm
_3760_,3.2µm
_3767_,3.2µm
_3878_,3.2µm
_0608_,3.18µm
_0791_,3.18µm
_0854_,3.18µm
_0896_,3.18µm
_1105_,3.18µm
_1522_,3.18µm
_1610_,3.18µm
_2283_,3.18µm
_2319_,3.18µm
_2600_,3.18µm
_2757_,3.18µm
_3211_,3.18µm
_1564_,3.175µm
_4353_,3.13µm
_3981_,3.11µm
_0012_,3.1µm
_0060_,3.1µm
_0539_,3.1µm
_1229_,3.1µm
_1536_,3.1µm
_1800_,3.1µm
_1951_,3.1µm
_2827_,3.1µm
_3988_,3.1µm
_3991_,3.1µm
_0008_,3.08µm
_0042_,3.08µm
_0066_,3.08µm
_0070_,3.08µm
_0102_,3.08µm
_0108_,3.08µm
_0135_,3.08µm
_0217_,3.08µm
_0232_,3.08µm
_0245_,3.08µm
_0268_,3.08µm
_0305_,3.08µm
_0323_,3.08µm
_0780_,3.08µm
_0804_,3.08µm
_0968_,3.08µm
_0985_,3.08µm
_1081_,3.08µm
_1088_,3.08µm
_1496_,3.08µm
_1514_,3.08µm
_1583_,3.08µm
_1586_,3.08µm
_1793_,3.08µm
_1843_,3.08µm
_1849_,3.08µm
_1851_,3.08µm
_2031_,3.08µm
_2048_,3.08µm
_2074_,3.08µm
_2289_,3.08µm
_2715_,3.08µm
_2717_,3.08µm
_2874_,3.08µm
_2937_,3.08µm
_2956_,3.08µm
_3154_,3.08µm
_3230_,3.08µm
_3398_,3.08µm
_3448_,3.08µm
_3465_,3.08µm
_3667_,3.08µm
_3752_,3.08µm
_3781_,3.08µm
_3906_,3.08µm
_3911_,3.08µm
_3967_,3.08µm
_4003_,3.08µm
_4099_,3.08µm
_4110_,3.08µm
net822,3.08µm
net1183,3.08µm
_3638_,3.065µm
_1299_,3.06µm
_1440_,3.06µm
_2673_,3.06µm
_3234_,3.06µm
_3913_,3.06µm
_4069_,3.06µm
_4211_,3.06µm
_4220_,3.06µm
_4236_,3.06µm
_4263_,3.06µm
_4453_,3.06µm
_4455_,3.06µm
_4462_,3.06µm
_4489_,3.06µm
_4492_,3.06µm
_3596_,3.045µm
_1494_,3.03µm
_2569_,3.01µm
_0532_,2.995µm
_0330_,2.99µm
_4378_,2.99µm
_4390_,2.99µm
_4481_,2.99µm
_0510_,2.98µm
_1127_,2.98µm
_2255_,2.98µm
_3316_,2.98µm
_4060_,2.98µm
_4147_,2.98µm
_4350_,2.98µm
_4421_,2.98µm
_4449_,2.98µm
_4465_,2.98µm
_4480_,2.98µm
_4500_,2.98µm
net561,2.98µm
net583,2.98µm
_0101_,2.96µm
_0498_,2.96µm
_0515_,2.96µm
_0682_,2.96µm
_0717_,2.96µm
_0770_,2.96µm
_1019_,2.96µm
_1170_,2.96µm
_1322_,2.96µm
_1485_,2.96µm
_1540_,2.96µm
_1541_,2.96µm
_1708_,2.96µm
_1828_,2.96µm
_1856_,2.96µm
_1927_,2.96µm
_1944_,2.96µm
_2372_,2.96µm
_2518_,2.96µm
_2559_,2.96µm
_3117_,2.96µm
_3127_,2.96µm
_3138_,2.96µm
_3226_,2.96µm
_3227_,2.96µm
_3349_,2.96µm
_3490_,2.96µm
_3561_,2.96µm
_3610_,2.96µm
_3685_,2.96µm
_3759_,2.96µm
_3975_,2.96µm
_4018_,2.96µm
_4021_,2.96µm
_4121_,2.96µm
_4193_,2.96µm
_4395_,2.96µm
net550,2.96µm
net554,2.96µm
net566,2.96µm
net915,2.96µm
net941,2.96µm
net957,2.96µm
net963,2.96µm
net990,2.96µm
net1118,2.96µm
net1154,2.96µm
_1958_,2.955µm
_2962_,2.955µm
_3498_,2.89µm
_0857_,2.88µm
_0051_,2.86µm
_0536_,2.86µm
_0691_,2.86µm
_3917_,2.86µm
_4031_,2.845µm
_0218_,2.84µm
_0249_,2.84µm
_0739_,2.84µm
_0849_,2.84µm
_1296_,2.84µm
_1574_,2.84µm
_1605_,2.84µm
_1792_,2.84µm
_2512_,2.84µm
_2839_,2.84µm
_3064_,2.84µm
_3110_,2.84µm
_3270_,2.84µm
_3645_,2.84µm
_3902_,2.84µm
_3949_,2.84µm
_4001_,2.84µm
net1061,2.84µm
_2229_,2.77µm
_0030_,2.765µm
_0204_,2.76µm
_0621_,2.76µm
_1592_,2.76µm
_2092_,2.76µm
_2109_,2.76µm
_2191_,2.76µm
_2384_,2.76µm
_3016_,2.76µm
_3034_,2.76µm
_3634_,2.76µm
_4191_,2.76µm
_0007_,2.74µm
_0009_,2.74µm
_0013_,2.74µm
_0065_,2.74µm
_0067_,2.74µm
_0076_,2.74µm
_0083_,2.74µm
_0090_,2.74µm
_0103_,2.74µm
_0104_,2.74µm
_0124_,2.74µm
_0200_,2.74µm
_0202_,2.74µm
_0203_,2.74µm
_0228_,2.74µm
_0303_,2.74µm
_0325_,2.74µm
_0920_,2.74µm
_1822_,2.74µm
_3540_,2.74µm
_3819_,2.74µm
_0965_,2.725µm
_0370_,2.72µm
_1102_,2.72µm
_1560_,2.72µm
_1699_,2.72µm
_1713_,2.72µm
_1801_,2.72µm
_1908_,2.72µm
_1923_,2.72µm
_1942_,2.72µm
_2261_,2.72µm
_2442_,2.72µm
_3406_,2.72µm
_3588_,2.72µm
_3714_,2.72µm
_3828_,2.72µm
_4179_,2.72µm
_4199_,2.72µm
net435,2.72µm
_0579_,2.68µm
_0048_,2.64µm
_0085_,2.64µm
_0143_,2.64µm
_0149_,2.64µm
_0160_,2.64µm
_0212_,2.64µm
_0288_,2.64µm
_0300_,2.64µm
_0365_,2.64µm
_0368_,2.64µm
_0820_,2.64µm
_1210_,2.64µm
_1317_,2.64µm
_1567_,2.64µm
_1582_,2.64µm
_2293_,2.64µm
_2687_,2.64µm
_2802_,2.64µm
_3273_,2.64µm
_3459_,2.64µm
_3539_,2.64µm
_4164_,2.64µm
net662,2.64µm
_0058_,2.62µm
_0115_,2.62µm
_0121_,2.62µm
_0173_,2.62µm
_0214_,2.62µm
_0222_,2.62µm
_0235_,2.62µm
_0266_,2.62µm
_0294_,2.62µm
_0328_,2.62µm
_0341_,2.62µm
_0393_,2.62µm
_0773_,2.62µm
_0892_,2.62µm
_1124_,2.62µm
_1252_,2.62µm
_1469_,2.62µm
_1534_,2.62µm
_1786_,2.62µm
_2144_,2.62µm
_2201_,2.62µm
_2207_,2.62µm
_2215_,2.62µm
_2260_,2.62µm
_2298_,2.62µm
_2395_,2.62µm
_2437_,2.62µm
_2485_,2.62µm
_2498_,2.62µm
_2505_,2.62µm
_2656_,2.62µm
_2662_,2.62µm
_3133_,2.62µm
_3135_,2.62µm
_3156_,2.62µm
_3202_,2.62µm
_3283_,2.62µm
_3304_,2.62µm
_3343_,2.62µm
_3470_,2.62µm
_3871_,2.62µm
_4137_,2.62µm
_4267_,2.62µm
data_reg\[12\]\[7\],2.62µm
net415,2.62µm
net536,2.62µm
net607,2.62µm
net999,2.62µm
net1067,2.62µm
net1129,2.62µm
_2042_,2.615µm
_4328_,2.59µm
_0334_,2.53µm
_4370_,2.53µm
_4377_,2.53µm
_4380_,2.53µm
_4432_,2.53µm
_4456_,2.53µm
_0492_,2.52µm
_0869_,2.52µm
_1722_,2.52µm
_1809_,2.52µm
_3376_,2.52µm
_3883_,2.52µm
_4244_,2.52µm
_4368_,2.52µm
_4397_,2.52µm
_4464_,2.52µm
_4466_,2.52µm
_2644_,2.505µm
_0511_,2.5µm
_0561_,2.5µm
_0856_,2.5µm
_0863_,2.5µm
_0867_,2.5µm
_0877_,2.5µm
_0943_,2.5µm
_0958_,2.5µm
_1080_,2.5µm
_1211_,2.5µm
_1380_,2.5µm
_1383_,2.5µm
_1396_,2.5µm
_1475_,2.5µm
_1623_,2.5µm
_1689_,2.5µm
_1698_,2.5µm
_1704_,2.5µm
_1759_,2.5µm
_1922_,2.5µm
_2105_,2.5µm
_2238_,2.5µm
_2251_,2.5µm
_2301_,2.5µm
_2484_,2.5µm
_2630_,2.5µm
_2774_,2.5µm
_2852_,2.5µm
_2943_,2.5µm
_2977_,2.5µm
_2992_,2.5µm
_3008_,2.5µm
_3011_,2.5µm
_3029_,2.5µm
_3030_,2.5µm
_3085_,2.5µm
_3102_,2.5µm
_3129_,2.5µm
_3149_,2.5µm
_3171_,2.5µm
_3172_,2.5µm
_3328_,2.5µm
_3379_,2.5µm
_3491_,2.5µm
_3513_,2.5µm
_3847_,2.5µm
_3994_,2.5µm
_4068_,2.5µm
_4198_,2.5µm
_4273_,2.5µm
_4422_,2.5µm
net521,2.5µm
net526,2.5µm
net582,2.5µm
_3637_,2.495µm
_1907_,2.45µm
_0460_,2.4µm
_1679_,2.4µm
_3756_,2.4µm
_1162_,2.39µm
_0292_,2.38µm
_0756_,2.38µm
_0977_,2.38µm
_1154_,2.38µm
_1294_,2.38µm
_1415_,2.38µm
_1772_,2.38µm
_1862_,2.38µm
_1871_,2.38µm
_1873_,2.38µm
_1883_,2.38µm
_1934_,2.38µm
_2007_,2.38µm
_2122_,2.38µm
_2297_,2.38µm
_2326_,2.38µm
_2337_,2.38µm
_2371_,2.38µm
_2422_,2.38µm
_2501_,2.38µm
_2570_,2.38µm
_2831_,2.38µm
_2928_,2.38µm
_2998_,2.38µm
_3183_,2.38µm
_3189_,2.38µm
_3224_,2.38µm
_3252_,2.38µm
_3268_,2.38µm
_3336_,2.38µm
_3384_,2.38µm
_3395_,2.38µm
_3404_,2.38µm
_3467_,2.38µm
_3531_,2.38µm
_3617_,2.38µm
_3693_,2.38µm
_3701_,2.38µm
_3816_,2.38µm
_4188_,2.38µm
_4197_,2.38µm
_1382_,2.36µm
_1543_,2.33µm
_3104_,2.315µm
_0018_,2.305µm
_0134_,2.305µm
_0361_,2.3µm
_0372_,2.3µm
_0712_,2.3µm
_1334_,2.3µm
_1604_,2.3µm
_1613_,2.3µm
_2338_,2.3µm
_2613_,2.3µm
_3002_,2.3µm
_3046_,2.3µm
_4032_,2.3µm
_4126_,2.3µm
_4128_,2.3µm
_0001_,2.28µm
_0002_,2.28µm
_0006_,2.28µm
_0019_,2.28µm
_0027_,2.28µm
_0034_,2.28µm
_0057_,2.28µm
_0086_,2.28µm
_0099_,2.28µm
_0110_,2.28µm
_0128_,2.28µm
_0137_,2.28µm
_0191_,2.28µm
_0193_,2.28µm
_0195_,2.28µm
_0197_,2.28µm
_0216_,2.28µm
_0220_,2.28µm
_0229_,2.28µm
_0243_,2.28µm
_0244_,2.28µm
_0309_,2.28µm
_0866_,2.28µm
_0988_,2.28µm
_1368_,2.28µm
_3017_,2.28µm
_3028_,2.28µm
_3050_,2.28µm
_3249_,2.28µm
_3950_,2.28µm
_4080_,2.28µm
_4205_,2.28µm
_2667_,2.27µm
_0864_,2.255µm
_2290_,2.21µm
_3282_,2.21µm
_4417_,2.21µm
_4434_,2.21µm
_0005_,2.18µm
_0080_,2.18µm
_0093_,2.18µm
_0097_,2.18µm
_0098_,2.18µm
_0118_,2.18µm
_0125_,2.18µm
_0152_,2.18µm
_0154_,2.18µm
_0186_,2.18µm
_0223_,2.18µm
_0224_,2.18µm
_0233_,2.18µm
_0234_,2.18µm
_0250_,2.18µm
_0276_,2.18µm
_0282_,2.18µm
_0284_,2.18µm
_0298_,2.18µm
_0313_,2.18µm
_0321_,2.18µm
_0324_,2.18µm
_1395_,2.18µm
_1464_,2.18µm
_2963_,2.18µm
_3415_,2.18µm
_3446_,2.18µm
_3546_,2.18µm
_3703_,2.18µm
_3768_,2.18µm
_3801_,2.17µm
_3280_,2.165µm
_0000_,2.16µm
_0120_,2.16µm
_0157_,2.16µm
_0170_,2.16µm
_0188_,2.16µm
_0194_,2.16µm
_0231_,2.16µm
_0242_,2.16µm
_0252_,2.16µm
_0406_,2.16µm
_0435_,2.16µm
_0506_,2.16µm
_0635_,2.16µm
_0658_,2.16µm
_0797_,2.16µm
_0875_,2.16µm
_0910_,2.16µm
_0957_,2.16µm
_0976_,2.16µm
_1034_,2.16µm
_1046_,2.16µm
_1051_,2.16µm
_1193_,2.16µm
_1242_,2.16µm
_1266_,2.16µm
_1348_,2.16µm
_1374_,2.16µm
_1438_,2.16µm
_1532_,2.16µm
_1588_,2.16µm
_1590_,2.16µm
_1765_,2.16µm
_1791_,2.16µm
_1799_,2.16µm
_1821_,2.16µm
_1852_,2.16µm
_1861_,2.16µm
_1875_,2.16µm
_1882_,2.16µm
_2052_,2.16µm
_2233_,2.16µm
_2445_,2.16µm
_2495_,2.16µm
_2637_,2.16µm
_2707_,2.16µm
_2732_,2.16µm
_2844_,2.16µm
_2893_,2.16µm
_2971_,2.16µm
_3070_,2.16µm
_3178_,2.16µm
_3181_,2.16µm
_3192_,2.16µm
_3248_,2.16µm
_3284_,2.16µm
_3347_,2.16µm
_3368_,2.16µm
_3399_,2.16µm
_3402_,2.16µm
_3436_,2.16µm
_3545_,2.16µm
_3547_,2.16µm
_3644_,2.16µm
_3708_,2.16µm
_3778_,2.16µm
_3784_,2.16µm
_3938_,2.16µm
_3943_,2.16µm
_4051_,2.16µm
_4127_,2.16µm
_4483_,2.16µm
_4498_,2.16µm
net218,2.16µm
net475,2.16µm
net538,2.16µm
net1259,2.16µm
_2262_,2.14µm
_0479_,2.06µm
_0486_,2.06µm
_0616_,2.06µm
_3725_,2.06µm
_4078_,2.06µm
net663,2.06µm
_0056_,2.04µm
_0211_,2.04µm
_0525_,2.04µm
_0526_,2.04µm
_0624_,2.04µm
_0697_,2.04µm
_0808_,2.04µm
_0882_,2.04µm
_0884_,2.04µm
_0907_,2.04µm
_0937_,2.04µm
_0989_,2.04µm
_1003_,2.04µm
_1145_,2.04µm
_1148_,2.04µm
_1180_,2.04µm
_1189_,2.04µm
_1192_,2.04µm
_1209_,2.04µm
_1362_,2.04µm
_1397_,2.04µm
_1405_,2.04µm
_1531_,2.04µm
_1559_,2.04µm
_1690_,2.04µm
_1731_,2.04µm
_1738_,2.04µm
_1955_,2.04µm
_2060_,2.04µm
_2115_,2.04µm
_2231_,2.04µm
_2382_,2.04µm
_2668_,2.04µm
_2697_,2.04µm
_2699_,2.04µm
_2763_,2.04µm
_2861_,2.04µm
_2954_,2.04µm
_3131_,2.04µm
_3148_,2.04µm
_3222_,2.04µm
_3232_,2.04µm
_3265_,2.04µm
_3292_,2.04µm
_3300_,2.04µm
_3312_,2.04µm
_3333_,2.04µm
_3416_,2.04µm
_3439_,2.04µm
_3466_,2.04µm
_3482_,2.04µm
_3555_,2.04µm
_3583_,2.04µm
_3619_,2.04µm
_3633_,2.04µm
_3709_,2.04µm
_3736_,2.04µm
_3772_,2.04µm
_3785_,2.04µm
_3825_,2.04µm
_3851_,2.04µm
_3935_,2.04µm
_4006_,2.04µm
_4107_,2.04µm
_4172_,2.04µm
_4184_,2.04µm
net605,2.04µm
_0927_,1.95µm
_1330_,1.94µm
_1453_,1.94µm
net569,1.94µm
_4364_,1.915µm
_0260_,1.845µm
_0311_,1.845µm
_0789_,1.84µm
_1016_,1.84µm
_1303_,1.84µm
_1364_,1.84µm
_1413_,1.84µm
_1523_,1.84µm
_1729_,1.84µm
_2071_,1.84µm
_2735_,1.84µm
_2741_,1.84µm
_2767_,1.84µm
_2867_,1.84µm
_2944_,1.84µm
_3392_,1.84µm
_3421_,1.84µm
_3940_,1.84µm
_3998_,1.84µm
_4052_,1.84µm
_0024_,1.82µm
_0049_,1.82µm
_0063_,1.82µm
_0100_,1.82µm
_0117_,1.82µm
_0123_,1.82µm
_0127_,1.82µm
_0183_,1.82µm
_0198_,1.82µm
_0213_,1.82µm
_0318_,1.82µm
_1390_,1.82µm
_1902_,1.82µm
_2175_,1.82µm
_2387_,1.82µm
_3591_,1.82µm
_1903_,1.8µm
_1350_,1.755µm
_1915_,1.75µm
_4157_,1.75µm
_4232_,1.75µm
_4317_,1.75µm
_4362_,1.75µm
_4470_,1.75µm
_0050_,1.745µm
_0146_,1.745µm
_0696_,1.72µm
_2304_,1.72µm
_3147_,1.72µm
_3366_,1.72µm
_3442_,1.72µm
_3614_,1.72µm
_3910_,1.72µm
_1410_,1.71µm
_0236_,1.7µm
_0320_,1.7µm
_0326_,1.7µm
_0469_,1.7µm
_0787_,1.7µm
_1026_,1.7µm
_1029_,1.7µm
_1099_,1.7µm
_1136_,1.7µm
_1228_,1.7µm
_1311_,1.7µm
_1353_,1.7µm
_1603_,1.7µm
_1762_,1.7µm
_1837_,1.7µm
_1838_,1.7µm
_1881_,1.7µm
_1901_,1.7µm
_1939_,1.7µm
_2000_,1.7µm
_2080_,1.7µm
_2110_,1.7µm
_2139_,1.7µm
_2270_,1.7µm
_2310_,1.7µm
_2324_,1.7µm
_2460_,1.7µm
_2810_,1.7µm
_3057_,1.7µm
_3074_,1.7µm
_3100_,1.7µm
_3168_,1.7µm
_3218_,1.7µm
_3453_,1.7µm
_3493_,1.7µm
_3578_,1.7µm
_3663_,1.7µm
_3751_,1.7µm
_3856_,1.7µm
_3933_,1.7µm
_4036_,1.7µm
_4495_,1.7µm
_4501_,1.7µm
net229,1.7µm
net485,1.7µm
net497,1.7µm
net603,1.7µm
net823,1.7µm
net1225,1.7µm
_0353_,1.61µm
_2334_,1.6µm
_2990_,1.6µm
net113,1.6µm
net447,1.6µm
net580,1.6µm
_0109_,1.545µm
_0283_,1.545µm
_0636_,1.48µm
_1985_,1.48µm
net1124,1.48µm
_0420_,1.38µm
_1010_,1.38µm
_1222_,1.38µm
_1411_,1.38µm
_1482_,1.38µm
_1940_,1.38µm
_2088_,1.38µm
_2214_,1.38µm
_2322_,1.38µm
_2400_,1.38µm
_2636_,1.38µm
_2972_,1.38µm
_3043_,1.38µm
_3209_,1.38µm
_3219_,1.38µm
_3264_,1.38µm
_3318_,1.38µm
_3568_,1.38µm
_3665_,1.38µm
_3790_,1.38µm
_3835_,1.38µm
_4002_,1.38µm
_4183_,1.38µm
_0017_,1.36µm
_0130_,1.36µm
_0225_,1.36µm
_0241_,1.36µm
_0259_,1.36µm
_0314_,1.36µm
_1527_,1.36µm
_2719_,1.36µm
_3244_,1.36µm
_2329_,1.31µm
_0865_,1.265µm
_1455_,1.26µm
_3510_,1.26µm
_3595_,1.26µm
_3814_,1.14µm
net226,1.14µm
net1105,1.02µm
_0403_,0.92µm
_0574_,0.92µm
_0586_,0.92µm
_0795_,0.92µm
_0984_,0.92µm
_1008_,0.92µm
_1253_,0.92µm
_1262_,0.92µm
_1349_,0.92µm
_1366_,0.92µm
_1503_,0.92µm
_1515_,0.92µm
_1575_,0.92µm
_1577_,0.92µm
_1606_,0.92µm
_1697_,0.92µm
_1895_,0.92µm
_2085_,0.92µm
_2235_,0.92µm
_2249_,0.92µm
_2281_,0.92µm
_2340_,0.92µm
_2368_,0.92µm
_2394_,0.92µm
_2640_,0.92µm
_2677_,0.92µm
_2685_,0.92µm
_2740_,0.92µm
_2744_,0.92µm
_2760_,0.92µm
_2818_,0.92µm
_2824_,0.92µm
_2927_,0.92µm
_3026_,0.92µm
_3052_,0.92µm
_3066_,0.92µm
_3097_,0.92µm
_3136_,0.92µm
_3254_,0.92µm
_3388_,0.92µm
_3419_,0.92µm
_3426_,0.92µm
_3478_,0.92µm
_3515_,0.92µm
_3525_,0.92µm
_3575_,0.92µm
_3602_,0.92µm
_3606_,0.92µm
_3889_,0.92µm
_3965_,0.92µm
_4025_,0.92µm
_4189_,0.92µm
net1030,0.92µm
net1056,0.92µm
_1130_,0.83µm
_1104_,0.46µm
_1204_,0.46µm
_1558_,0.46µm
_2650_,0.46µm
_3543_,0.46µm
_4175_,0.46µm
net913,0.46µm
